point_id,name,lat,lon,zone
p001,Aguachica_Cesar,8.339260162737142, -73.63437940782343,dry
p002,SanMartin_Cesar,8.015648799389739, -73.50587932275617,dry
p003,LaGloria_Cesar,8.613146781111594, -73.78179148606208,dry
p004,Pailitas_Cesar,8.958447389665244, -73.61152611845314,dry
p005,Pelaya_Cesar,8.698352904846004, -73.6451271514483,dry
p006,Valledupar_Cesar,10.462274297837288, -73.43337829572235,dry
p007,LaPaz_Cesar,10.369265278294106, -73.19707948794732,dry
p008,SanDiego_Cesar,10.337725556191199, -73.16856061484471,dry
p009,ElPaso_Cesar,9.668346051590056, -73.75831574808392,dry
p010,Astrea_Cesar,9.509671878271414, -73.97980616558733,dry
p011,Becerril_Cesar,9.71695140256419, -73.34627502747735,dry
p012,LaJaguadeIbirico_Cesar,9.545917644914702, -73.3529184557904,dry
p013,Neiva_Huila,2.951797602644327, -75.22296672197385,dry
p014,Palermo_Huila,2.8697729789181694, -75.42260241087277,dry
p015,Campoalegre_Huila,2.684798713213944, -75.29904896008215,dry
p016,Rivera_Huila,2.76891794763666, -75.27786767355323,dry
p017,Aipe_Huila,3.2287328904305457, -75.23113518598994,dry
p018,Villavieja_Huila,3.2254053151639126, -75.20871841309929,dry
p019,Tello_Huila,3.0587528616357886, -75.12272769245304,dry
p020,Baraya_Huila,3.147359939027979, -75.05011120028252,dry
p021,Yaguara_Huila,2.6850343498390874, -75.5287296562652,dry
p022,Espinal_Tolima,4.154251904131456, -74.92839142787697,dry
p023,Guamo_Tolima,4.009556633898076, -74.95890486330899,dry
p024,Saldana_Tolima,3.9295748828814134, -75.01996290244172,dry
p025,Coyaima_Tolima,3.8143371424760932, -75.20036189642346,dry
p026,Natagaima_Tolima,3.625851074635644, -75.10844455889251,dry
p027,Purificacion_Tolima,3.8656301262239756, -74.9510282785457,dry
p028,Prado_Tolima,3.760885046915149, -74.9242961167582,dry
p029,Ortega_Tolima,3.9366977940803367, -75.22900645780238,dry
p030,Ambalema_Tolima,4.780940848398977, -74.77034332612641,dry
p031,SanVicenteChucuri_Santander,6.882292184023837, -73.39359809444387,intermediate
p032,Rionegro_Santander,7.265354518324545, -73.13673384026448,intermediate
p033,CarmenChucuri_Santander,6.708865342798243, -73.5009234081936,intermediate
p034,Landazuri_Santander,6.217428052194101, -73.80048766627758,intermediate
p035,Cimitarra_Santander,6.300542927549458, -73.94108743052837,intermediate
p036,ElPlayon_Santander,7.4584221918243045,    -73.222052853104,intermediate
p037,Betulia_Santander,6.885379562132343, -73.30519800071595,intermediate
p038,Zapatoca_Santander,6.813873749231199, -73.27451538968307,intermediate
p039,Galan_Santander,6.644307073857748, -73.28612651753502,intermediate
p040,SabanaTorres_Santander,7.3725889569728285, -73.4908005906602,intermediate
p041,Lebrija_Santander,7.123493222797025, -73.24425061093856,intermediate
p042,Giron_Santander,7.022252907573754, -73.16443201340272,intermediate
p043,Piedecuesta_Santander,6.9680556403617535, -73.022515872416,intermediate
p044,Floridablanca_Santander,7.055108905271852, -73.05923905599222,intermediate
p045,Matanza_Santander,7.300895286716285, -73.00992695161942,intermediate
p046,Suaita_Santander,6.099925317268114, -73.43987125740398,intermediate
p047,Oiba_Santander,6.25906148492558, -73.30326156947689,intermediate
p048,Guadalupe_Santander,6.249967998542575, -73.42000000343181,intermediate
p049,Velez_Santander,6.003598036459053, -73.66776840554114,intermediate
p050,Bolivar_Santander,5.9856145003973875, -73.76706030226842,intermediate
p051,Chipata_Santander,6.060352066921272, -73.6404076991878,intermediate
p052,LaBelleza_Santander,5.859754520353325, -73.95997854576126,intermediate
p053,PuenteNacional_Santander,5.881739590563099, -73.68470996229381,intermediate
p054,Cucuta_NdS,7.891989631532434, -72.57712903022399,intermediate
p055,Tibu_NdS,8.637761890372008, -72.7500743803479,intermediate
p056,ElZulia_NdS,7.932219345869862, -72.61453462914311,intermediate
p057,Sardinata_NdS,8.07008923782977, -72.7960839781713,intermediate
p058,Ocana_NdS,8.20848209204945, -73.35356955810242,intermediate
p059,Abrego_NdS,8.091878034939755, -73.21413015693312,intermediate
p060,Teorama_NdS,8.435574493759018, -73.29248909328464,intermediate
p061,LaPlaya_NdS,8.219816537218886, -73.23998996030639,intermediate
p062,Hacari_NdS,8.32269642575899, -73.14112653112704,intermediate
p063,SanCalixto_NdS,8.400400889303983, -73.21043772995114,intermediate
p064,Arauca_Arauca,7.086798217534231, -70.71200486654767,intermediate
p065,Saravena_Arauca,6.96,-71.88,intermediate
p066,Tame_Arauca,6.955069121268055, -71.88645876269699,intermediate
p067,Fortul_Arauca,6.783586491938776, -71.76777913439952,intermediate
p068,Arauquita_Arauca,7.019603873538278, -71.4311251475689,intermediate
p069,PuertoRondon_Arauca,6.2873264223244085, -71.10095486971514,intermediate
p070,CravoNorte_Arauca,6.296954167974222, -70.18200125667798,intermediate
p071,Turbo_Uraba,8.103112137142446, -76.70718662388096,humid
p072,Apartado_Uraba,7.887106940450758, -76.60589757467511,humid
p073,Chigorodo_Uraba,7.678974897898786, -76.70579850469379,humid
p074,Necocli_Uraba,8.425829899753099, -76.7641385229802,humid
p075,Carepa_Uraba,7.754144310664559, -76.66525225458824,humid
p076,SanPedrodeUraba_Uraba,8.283837064672344, -76.37630474271813,humid
p077,Mutata_Uraba,7.240606362868987, -76.44204451480398,humid
p078,PuertoBerrio_MM,6.498906258147396, -74.41457600412114,humid
p079,Maceo_MM,6.548816864647848, -74.7903862415154,humid
p080,Yondo_MM,7.021253901957893, -73.90655358298609,humid
p081,Barrancabermeja_MM,7.097205005571016, -73.88153938690348,humid
p082,PuertoWilches_MM,7.339242135883938, -73.89935627323669,humid
p083,PuertoBoyaca_MM,5.966629752904735, -74.5954824386697,humid
p084,PuertoNare_MM,6.189648006296408, -74.59003218993888,humid
p085,Caracoli_MM,6.409893375936759, -74.76006437644543,humid
p086,Villavicencio_Meta,4.079889686346049, -73.59740590194991,humid
p087,Acacias_Meta,3.942648062860276, -73.73221110515117,humid
p088,Granada_Meta,3.5380205425429656, -73.72531817934245,humid
p089,SanMartin_Meta,3.682208413796948, -73.70030941997611,humid
p090,Cumaral_Meta,4.249326139336141, -73.46991768392232,humid
p091,Restrepo_Meta,4.262018404263059, -73.55107235953551,humid
p092,CastillaLaNueva_Meta,3.830224798462285, -73.67442100872843,humid
p093,FuenteDeOro_Meta,3.452889008430379, -73.61906659465095,humid
p094,ElCastillo_Meta,3.5598607906863524, -73.79005364761232,humid
p095,Lejanias_Meta,3.5200428308408656, -74.0201716648047,humid
p096,SanJuandeArama_Meta,3.3766939005571968, -73.885750659432,humid
p097,Mesetas_Meta,3.3820135070218407, -74.0342922625459,humid
p098,VistaHermosa_Meta,3.1144292569129726, -73.74398112647604,humid
p099,PuertoLopez_Meta,4.092978403481777, -72.97806861229856,humid
p100,PuertoGaitan_Meta,4.304865439450548, -72.08960581380691,humid
p101,Remedios_Ant,7.037073782291301, -74.53821246567284,humid
p102,Segovia_Ant,7.076799901743516, -74.72391139444036,humid
p103,SanCarlos_Ant,6.177668740182388, -74.97760654153433,humid
p104,SanRoque_Ant,6.483188155478568, -75.01054789883815,humid
p105,Amalfi_Ant,6.899860222278468, -75.08771403636685,humid
p106,Anori_Ant,7.069243890709366, -75.14847003846553,humid
p107,Vegachi_Ant,6.766493456829174, -74.80507997246531,humid
p108,Yali_Ant,6.669818837578603, -74.84003218993786,humid
p109,Yolombo_Ant,6.599279095981935, -75.01525360910674,humid
p110,GomezPlata_Ant,6.68355421669671, -75.21319971270954,humid
p111,Quibdo_Choco,6.683995977511827, -75.2266411529031,very_humid
p112,Istmina_Choco,5.161700196181919, -76.68237437491732,very_humid
p113,Tado_Choco,5.259275991375459, -76.55901928886637,very_humid
p114,MedioBaudo_Choco,5.051235631011402, -76.98055923478789,very_humid
p115,Florencia_Caqueta,1.5936912614540928, -75.60496024309683,very_humid
p116,BelenAndaquies_Caqueta,1.4213551405156997, -75.88077287672806,very_humid
p117,SanVicenteCaguan_Caqueta,2.1233772643140836, -74.7797310575965,very_humid
p118,PuertoRico_Caqueta,1.9185878452247027, -75.16143560990184,very_humid
p119,ElDoncello_Caqueta,1.6691685018273357, -75.27642730099167,very_humid
p120,LaMontanita_Caqueta,1.4752272540484888, -75.44207066874266,very_humid
p121,Flandes_Tolima,4.40001131,-74.79836045,dry
p122,Coello_Tolima,4.3248279258029445, -74.63470306088496,dry
p123,CarmenApicala_Tolima,4.097976621906005, -74.82742012474726,dry
p124,Melgar_Tolima,4.31465988,-74.57315109,dry
p125,Suarez_Tolima,4.1527396006946455, -74.81026022643256,dry
p126,ValledeSanJuan_Tolima,4.11311847630651, -75.1181582319905,dry
p127,SanLuis_Tolima,4.15730023,-75.02484963,dry
p128,Alvarado_Tolima,4.45842166,-74.98460197,dry
p129,Piedras_Tolima,4.478803153730331, -74.89606062506104,dry
p130,Venadillo_Tolima,4.84101461,-74.92395707,dry
p131,Lerida_Tolima,4.82266135,-75.02684337,dry
p132,ArmeroGuayabal_Tolima,5.017462476191154, -74.81437019644268,dry
p133,Mariquita_Tolima,5.140416721861517, -74.77426831795965,dry
p134,Honda_Tolima,5.277265345762351, -74.66724657436365,dry
p135,Ataco_Tolima,3.5026960942712435, -75.44261231414231,dry
p136,Chaparral_Tolima,3.70738193,-75.60523419,dry
p137,Hobo_Huila,2.72923667428804, -75.48768067633361,dry
p138,Tesalia_Huila,2.39313983,-75.75784467,dry
p139,Paicol_Huila,2.357545197629, -75.85482297710635,dry
p140,Gigante_Huila,2.27422479,-75.60510028,dry
p141,Teruel_Huila,2.85370870,-75.53387929,dry
p142,Villavieja_Huila,3.19682438,-75.13505735,dry
p143,Villavieja2_Huila,3.20832087,-75.07322659,dry
p144,Aipe_Huila,3.2111220768253697, -75.15671620081693,dry
p145,Aipe2_Huila,3.097369179676571, -75.10182698321135,dry
p146,Tello_Huila,3.0910388300102145, -75.04105995270963,dry
p147,Baraya_Huila,3.2222584227754476, -75.08573498453086,dry
p148,Yaguara_Huila,2.59758710,-75.60059252,dry
p149,Neiva_Huila,2.9233144775610196, -75.35673136816408,dry
p150,Palermo_Huila,2.8142166855338373, -75.3555684761245,dry
p151,AgustinCodazzi_Cesar,9.949014493270303, -73.34913145546295,dry
p152,Bosconia_Cesar,9.93318940,-73.99078395,dry
p153,ElCopey_Cesar,10.16936615,-74.08752171,dry
p154,Curumani_Cesar,9.28376277,-73.52444259,dry
p155,Chimichagua_Cesar,9.232865835052587, -73.65832370886018,dry
p156,Tamalameque_Cesar,8.940296758202727, -73.85610676758839,dry
p157,Gamarra_Cesar,8.278217146983156, -73.6241457915478,dry
p158,ManaureBalcon_Cesar,10.29888031162657, -72.96864513446882,dry
p159,Astrea_Cesar,9.37456601,-73.94636642,dry
p160,ElPaso_Cesar,9.66188103,-73.65996711,dry
p161,Becerril_Cesar,9.70140507,-73.16131353,dry
p162,LaJaguadeIbirico_Cesar,9.641610743268291, -73.40004559572604,dry
p163,Valledupar_Cesar,10.478574963837474, -73.14308568677025,dry
p164,LaPaz_Cesar,10.23380788972057, -73.18198356029528,dry
p165,SanDiego_Cesar,10.41142050,-73.14592699,dry
p166,Pailitas_Cesar,8.90301279,-73.66840409,dry
p167,Fonseca_Guajira,10.78147777269238, -72.78537098448432,dry
p168,Barrancas_Guajira,10.90401430,-72.73753071,dry
p169,Distraccion_Guajira,10.76736014,-72.91598908,dry
p170,SanJuandelCesar_Guajira,10.854549746472836, -73.1032487840005,dry
p171,Villanueva_Guajira,10.607237247774947, -73.04942735170881,dry
p172,ElMolino_Guajira,10.53802761,-72.94695266,dry
p173,Urumita_Guajira,10.50374869,-73.08002493,dry
p174,LaJaguadelPilar_Guajira,10.43744570,-73.03793791,dry
p175,Hatonuevo_Guajira,11.17238563386864, -72.77906434266272,dry
p176,Albania_Guajira,11.176496754032726, -72.51277770200889,dry
p177,Fonseca2_Guajira,10.94492075,-72.70488435,dry
p178,Barrancas2_Guajira,11.038399425041368, -72.85285225134491,dry
p179,SanJuandelCesar2_Guajira,10.74160168,-73.02090620,dry
p180,Villanueva2_Guajira,10.71333123,-72.83789261,dry
p181,Cepita_Santander,6.63650095,-73.00263344,dry
p182,Pescadero_Santander,6.708113481188239, -73.07267316349662,dry
p183,Jordan_Santander,6.696110003347487, -73.03930805333378,dry
p184,LosSantos_Santander,6.82214630,-73.13380575,dry
p185,Villanueva_Santander,6.711715959456421, -73.28360507972822,dry
p186,Zapatoca_Santander,6.901051832430469, -73.22353237316237,dry
p187,Galan_Santander,6.76442753,-73.32797946,dry
p188,Barichara_Santander,6.5608834022268425, -73.21523357068085,dry
p189,Cabrera_Santander,6.591492372297748, -73.32037169655908,dry
p190,Pinchote_Santander,6.61528011,-73.08552494,dry
p191,SanGil_Santander,6.45791075,-73.16462051,dry
p192,Curiti_Santander,6.66576143,-73.13221259,dry
p193,Aratoca_Santander,6.7108398736150905, -72.92167709753667,dry
p194,Carcasi_Santander,6.61365885,-72.73194737,dry
p195,Concepcion_Santander,6.743094961750484, -72.62320787666592,dry
p196,Malaga_Santander,6.622564573042885, -72.8446860467344,dry
p197,SanAndres_Santander,6.71290731,-72.86006585,dry
p198,Guaca_Santander,6.88961797,-72.77673187,dry
p199,Cerrito_Santander,6.76461855,-72.74355470,dry
p200,SanJosedeMiranda_Santander,6.673806273310271, -72.65366908773554,dry
p201,Patia_Cauca,2.0586677034069143, -77.10767804619049,dry
p202,Mercaderes_Cauca,1.8724826566469033, -77.2069974076715,dry
p203,Balboa_Cauca,2.15397326,-77.16158194,dry
p204,Bolivar_Cauca,1.9265216726945071, -77.05075955750348,dry
p205,Sucre_Cauca,2.0966056820311434, -76.85914295403441,dry
p206,Florencia_Cauca,1.56477400,-77.12960671,dry
p207,Sinai_Cauca,2.382853402683579, -77.21511295111462,dry
p208,SantaRosa_Cauca,1.5958910269382056, -76.52036083695234,dry
p209,SanSebastian_Cauca,1.7544882189125826, -76.73469921535501,dry
p210,Almaguer_Cauca,1.816248150881252, -76.83653220255651,dry
p211,Leiva_Narino,1.8797843371593894, -77.39829479795596,dry
p212,Rosario_Narino,1.854607836207351, -77.27652063196722,dry
p213,Taminango_Narino,1.51813801,-77.19245057,dry
p214,Policarpa_Narino,1.63306722,-77.34054143,dry
p215,ElTambo_Narino,1.33127665,-77.37031821,dry
p216,Cumbitara_Narino,1.63639654,-77.48186518,dry
p217,LosAndes_Narino,1.5665829838253063, -77.57267146797659,dry
p218,Linares_Narino,1.4173911496935336, -77.59793162217548,dry
p219,Buesaco_Narino,1.48442855,-77.12661912,dry
p220,SanLorenzo_Narino,1.57251565,-77.33187100,dry
p221,Cucuta_NdS,8.01017913,-72.63700923,dry
p222,VilladelRosario_NdS,7.89303954,-72.36435117,dry
p223,LosPatios_NdS,7.86119106,-72.40601117,dry
p224,PuertoSantander_NdS,8.45182971,-72.37055912,dry
p225,Tibu_NdS,8.732488460064532, -72.76298174563709,dry
p226,ElZulia_NdS,7.95086400,-72.70160790,dry
p227,Sardinata_NdS,7.98079632,-72.74866389,dry
p228,Ocana_NdS,8.343690056386833, -73.36179399667111,dry
p229,Abrego_NdS,8.074305889716351, -73.32746517133853,dry
p230,Teorama_NdS,8.41132710,-73.21280818,dry
p231,LaPlaya_NdS,8.106664656092333, -73.30666580673984,dry
p232,Hacari_NdS,8.32164836,-73.24838699,dry
p233,SanCalixto_NdS,8.33466336,-73.24859975,dry
p234,Convencion_NdS,8.531043579443342, -73.42624188372223,dry
p235,ElCarmen_NdS,8.59052292,-73.46922644,dry
p236,Gonzalez_NdS,8.420137395229176, -73.30807273444003,dry
p237,SanMartin_NdS,7.963277341438926, -73.59351256419163,dry
p238,Gramalote_NdS,7.947605707829732, -72.74885617654087,dry
p239,Lourdes_NdS,7.94604865,-72.70257826,dry
p240,Salazar_NdS,7.668712706602043, -72.82766558225505,dry