periodo_inicio,periodo_fin,label,lat,lon,precip_total_mm,precip_dias_lluvia,precip_max_diario_mm
2016-01-01,2016-01-15,2016-01_Q1,-19.689669877950884,147.22717515914223,0.0,0.0,0.0
2016-01-16,2016-01-31,2016-01_Q2,-19.689669877950884,147.22717515914223,86.16,5.0,30.89
2016-02-01,2016-02-15,2016-02_Q1,-19.689669877950884,147.22717515914223,67.92,8.0,21.5
2016-02-16,2016-02-29,2016-02_Q2,-19.689669877950884,147.22717515914223,0.0,0.0,0.0
2016-03-01,2016-03-15,2016-03_Q1,-19.689669877950884,147.22717515914223,134.21,4.0,47.12
2016-03-16,2016-03-31,2016-03_Q2,-19.689669877950884,147.22717515914223,66.98,3.0,26.79
2016-04-01,2016-04-15,2016-04_Q1,-19.689669877950884,147.22717515914223,0.0,0.0,0.0
2016-04-16,2016-04-30,2016-04_Q2,-19.689669877950884,147.22717515914223,11.64,2.0,5.86
2016-05-01,2016-05-15,2016-05_Q1,-19.689669877950884,147.22717515914223,9.96,2.0,5.58
2016-05-16,2016-05-31,2016-05_Q2,-19.689669877950884,147.22717515914223,4.46,1.0,4.46
2016-06-01,2016-06-15,2016-06_Q1,-19.689669877950884,147.22717515914223,31.97,4.0,13.17
2016-06-16,2016-06-30,2016-06_Q2,-19.689669877950884,147.22717515914223,27.76,3.0,9.87
2016-07-01,2016-07-15,2016-07_Q1,-19.689669877950884,147.22717515914223,0.0,0.0,0.0
2016-07-16,2016-07-31,2016-07_Q2,-19.689669877950884,147.22717515914223,35.64,1.0,35.64
2016-08-01,2016-08-15,2016-08_Q1,-19.689669877950884,147.22717515914223,6.94,1.0,6.94
2016-08-16,2016-08-31,2016-08_Q2,-19.689669877950884,147.22717515914223,5.36,1.0,5.36
2016-09-01,2016-09-15,2016-09_Q1,-19.689669877950884,147.22717515914223,0.0,0.0,0.0
2016-09-16,2016-09-30,2016-09_Q2,-19.689669877950884,147.22717515914223,8.94,2.0,5.25
2016-10-01,2016-10-15,2016-10_Q1,-19.689669877950884,147.22717515914223,11.26,2.0,5.81
2016-10-16,2016-10-31,2016-10_Q2,-19.689669877950884,147.22717515914223,12.69,2.0,6.87
2016-11-01,2016-11-15,2016-11_Q1,-19.689669877950884,147.22717515914223,20.15,2.0,16.34
2016-11-16,2016-11-30,2016-11_Q2,-19.689669877950884,147.22717515914223,0.0,0.0,0.0
2016-12-01,2016-12-15,2016-12_Q1,-19.689669877950884,147.22717515914223,0.0,0.0,0.0
2016-12-16,2016-12-31,2016-12_Q2,-19.689669877950884,147.22717515914223,41.51,3.0,24.91
2017-01-01,2017-01-15,2017-01_Q1,-19.689669877950884,147.22717515914223,139.93,4.0,45.46
2017-01-16,2017-01-31,2017-01_Q2,-19.689669877950884,147.22717515914223,32.55,3.0,13.02
2017-02-01,2017-02-15,2017-02_Q1,-19.689669877950884,147.22717515914223,52.45,1.0,52.45
2017-02-16,2017-02-28,2017-02_Q2,-19.689669877950884,147.22717515914223,42.04,2.0,28.03
2017-03-01,2017-03-15,2017-03_Q1,-19.689669877950884,147.22717515914223,14.39,1.0,14.39
2017-03-16,2017-03-31,2017-03_Q2,-19.689669877950884,147.22717515914223,173.65,10.0,46.04
2017-04-01,2017-04-15,2017-04_Q1,-19.689669877950884,147.22717515914223,0.0,0.0,0.0
2017-04-16,2017-04-30,2017-04_Q2,-19.689669877950884,147.22717515914223,5.7,2.0,4.42
2017-05-01,2017-05-15,2017-05_Q1,-19.689669877950884,147.22717515914223,0.0,0.0,0.0
2017-05-16,2017-05-31,2017-05_Q2,-19.689669877950884,147.22717515914223,139.37,1.0,139.37
2017-06-01,2017-06-15,2017-06_Q1,-19.689669877950884,147.22717515914223,15.03,1.0,15.03
2017-06-16,2017-06-30,2017-06_Q2,-19.689669877950884,147.22717515914223,0.0,0.0,0.0
2017-07-01,2017-07-15,2017-07_Q1,-19.689669877950884,147.22717515914223,3.27,1.0,3.27
2017-07-16,2017-07-31,2017-07_Q2,-19.689669877950884,147.22717515914223,3.03,1.0,3.03
2017-08-01,2017-08-15,2017-08_Q1,-19.689669877950884,147.22717515914223,10.2,2.0,5.43
2017-08-16,2017-08-31,2017-08_Q2,-19.689669877950884,147.22717515914223,0.0,0.0,0.0
2017-09-01,2017-09-15,2017-09_Q1,-19.689669877950884,147.22717515914223,5.28,1.0,5.28
2017-09-16,2017-09-30,2017-09_Q2,-19.689669877950884,147.22717515914223,0.0,0.0,0.0
2017-10-01,2017-10-15,2017-10_Q1,-19.689669877950884,147.22717515914223,23.7,1.0,23.7
2017-10-16,2017-10-31,2017-10_Q2,-19.689669877950884,147.22717515914223,74.16,3.0,39.77
2017-11-01,2017-11-15,2017-11_Q1,-19.689669877950884,147.22717515914223,3.48,1.0,3.48
2017-11-16,2017-11-30,2017-11_Q2,-19.689669877950884,147.22717515914223,13.8,2.0,8.78
2017-12-01,2017-12-15,2017-12_Q1,-19.689669877950884,147.22717515914223,22.26,1.0,22.26
2017-12-16,2017-12-31,2017-12_Q2,-19.689669877950884,147.22717515914223,0.0,0.0,0.0
2018-01-01,2018-01-15,2018-01_Q1,-19.689669877950884,147.22717515914223,58.33,4.0,35.24
2018-01-16,2018-01-31,2018-01_Q2,-19.689669877950884,147.22717515914223,37.56,3.0,15.23
2018-02-01,2018-02-15,2018-02_Q1,-19.689669877950884,147.22717515914223,11.16,1.0,11.16
2018-02-16,2018-02-28,2018-02_Q2,-19.689669877950884,147.22717515914223,351.75,11.0,76.4
2018-03-01,2018-03-15,2018-03_Q1,-19.689669877950884,147.22717515914223,15.44,1.0,15.44
2018-03-16,2018-03-31,2018-03_Q2,-19.689669877950884,147.22717515914223,133.18,4.0,88.62
2018-04-01,2018-04-15,2018-04_Q1,-19.689669877950884,147.22717515914223,19.71,1.0,19.71
2018-04-16,2018-04-30,2018-04_Q2,-19.689669877950884,147.22717515914223,0.0,0.0,0.0
2018-05-01,2018-05-15,2018-05_Q1,-19.689669877950884,147.22717515914223,10.84,2.0,6.78
2018-05-16,2018-05-31,2018-05_Q2,-19.689669877950884,147.22717515914223,3.69,1.0,3.69
2018-06-01,2018-06-15,2018-06_Q1,-19.689669877950884,147.22717515914223,0.0,0.0,0.0
2018-06-16,2018-06-30,2018-06_Q2,-19.689669877950884,147.22717515914223,14.73,1.0,14.73
2018-07-01,2018-07-15,2018-07_Q1,-19.689669877950884,147.22717515914223,4.1,1.0,4.1
2018-07-16,2018-07-31,2018-07_Q2,-19.689669877950884,147.22717515914223,5.46,1.0,5.46
2018-08-01,2018-08-15,2018-08_Q1,-19.689669877950884,147.22717515914223,0.0,0.0,0.0
2018-08-16,2018-08-31,2018-08_Q2,-19.689669877950884,147.22717515914223,12.17,2.0,6.49
2018-09-01,2018-09-15,2018-09_Q1,-19.689669877950884,147.22717515914223,0.0,0.0,0.0
2018-09-16,2018-09-30,2018-09_Q2,-19.689669877950884,147.22717515914223,0.0,0.0,0.0
2018-10-01,2018-10-15,2018-10_Q1,-19.689669877950884,147.22717515914223,15.89,1.0,15.89
2018-10-16,2018-10-31,2018-10_Q2,-19.689669877950884,147.22717515914223,10.19,1.0,10.19
2018-11-01,2018-11-15,2018-11_Q1,-19.689669877950884,147.22717515914223,0.0,0.0,0.0
2018-11-16,2018-11-30,2018-11_Q2,-19.689669877950884,147.22717515914223,40.27,2.0,27.9
2018-12-01,2018-12-15,2018-12_Q1,-19.689669877950884,147.22717515914223,139.88,9.0,37.07
2018-12-16,2018-12-31,2018-12_Q2,-19.689669877950884,147.22717515914223,30.78,3.0,25.39
2019-01-01,2019-01-15,2019-01_Q1,-19.689669877950884,147.22717515914223,51.69,2.0,25.84
2019-01-16,2019-01-31,2019-01_Q2,-19.689669877950884,147.22717515914223,198.82,6.0,44.18
2019-02-01,2019-02-15,2019-02_Q1,-19.689669877950884,147.22717515914223,229.59,7.0,44.1
2019-02-16,2019-02-28,2019-02_Q2,-19.689669877950884,147.22717515914223,0.0,0.0,0.0
2019-03-01,2019-03-15,2019-03_Q1,-19.689669877950884,147.22717515914223,59.11,1.0,59.11
2019-03-16,2019-03-31,2019-03_Q2,-19.689669877950884,147.22717515914223,104.03,7.0,50.18
2019-04-01,2019-04-15,2019-04_Q1,-19.689669877950884,147.22717515914223,0.0,0.0,0.0
2019-04-16,2019-04-30,2019-04_Q2,-19.689669877950884,147.22717515914223,20.38,3.0,12.76
2019-05-01,2019-05-15,2019-05_Q1,-19.689669877950884,147.22717515914223,20.31,3.0,8.1
2019-05-16,2019-05-31,2019-05_Q2,-19.689669877950884,147.22717515914223,0.0,0.0,0.0
2019-06-01,2019-06-15,2019-06_Q1,-19.689669877950884,147.22717515914223,12.76,2.0,9.37
2019-06-16,2019-06-30,2019-06_Q2,-19.689669877950884,147.22717515914223,0.0,0.0,0.0
2019-07-01,2019-07-15,2019-07_Q1,-19.689669877950884,147.22717515914223,4.67,1.0,4.67
2019-07-16,2019-07-31,2019-07_Q2,-19.689669877950884,147.22717515914223,8.46,2.0,4.62
2019-08-01,2019-08-15,2019-08_Q1,-19.689669877950884,147.22717515914223,0.0,0.0,0.0
2019-08-16,2019-08-31,2019-08_Q2,-19.689669877950884,147.22717515914223,7.4,2.0,4.35
2019-09-01,2019-09-15,2019-09_Q1,-19.689669877950884,147.22717515914223,0.0,0.0,0.0
2019-09-16,2019-09-30,2019-09_Q2,-19.689669877950884,147.22717515914223,0.0,0.0,0.0
2019-10-01,2019-10-15,2019-10_Q1,-19.689669877950884,147.22717515914223,5.75,2.0,2.91
2019-10-16,2019-10-31,2019-10_Q2,-19.689669877950884,147.22717515914223,7.58,1.0,7.58
2019-11-01,2019-11-15,2019-11_Q1,-19.689669877950884,147.22717515914223,10.59,2.0,5.37
2019-11-16,2019-11-30,2019-11_Q2,-19.689669877950884,147.22717515914223,0.0,0.0,0.0
2019-12-01,2019-12-15,2019-12_Q1,-19.689669877950884,147.22717515914223,20.29,3.0,9.5
2019-12-16,2019-12-31,2019-12_Q2,-19.689669877950884,147.22717515914223,6.08,1.0,6.08
2020-01-01,2020-01-15,2020-01_Q1,-19.689669877950884,147.22717515914223,0.0,0.0,0.0
2020-01-16,2020-01-31,2020-01_Q2,-19.689669877950884,147.22717515914223,317.57,12.0,76.88
2020-02-01,2020-02-15,2020-02_Q1,-19.689669877950884,147.22717515914223,0.0,0.0,0.0
2020-02-16,2020-02-29,2020-02_Q2,-19.689669877950884,147.22717515914223,166.67,7.0,63.19
2020-03-01,2020-03-15,2020-03_Q1,-19.689669877950884,147.22717515914223,96.03,2.0,66.04
2020-03-16,2020-03-31,2020-03_Q2,-19.689669877950884,147.22717515914223,0.0,0.0,0.0
2020-04-01,2020-04-15,2020-04_Q1,-19.689669877950884,147.22717515914223,0.0,0.0,0.0
2020-04-16,2020-04-30,2020-04_Q2,-19.689669877950884,147.22717515914223,26.93,4.0,11.24
2020-05-01,2020-05-15,2020-05_Q1,-19.689669877950884,147.22717515914223,0.0,0.0,0.0
2020-05-16,2020-05-31,2020-05_Q2,-19.689669877950884,147.22717515914223,63.79,3.0,36.13
2020-06-01,2020-06-15,2020-06_Q1,-19.689669877950884,147.22717515914223,15.28,5.0,3.21
2020-06-16,2020-06-30,2020-06_Q2,-19.689669877950884,147.22717515914223,0.0,0.0,0.0
2020-07-01,2020-07-15,2020-07_Q1,-19.689669877950884,147.22717515914223,2.97,1.0,2.97
2020-07-16,2020-07-31,2020-07_Q2,-19.689669877950884,147.22717515914223,31.93,4.0,14.3
2020-08-01,2020-08-15,2020-08_Q1,-19.689669877950884,147.22717515914223,3.85,1.0,3.85
2020-08-16,2020-08-31,2020-08_Q2,-19.689669877950884,147.22717515914223,3.35,1.0,3.35
2020-09-01,2020-09-15,2020-09_Q1,-19.689669877950884,147.22717515914223,0.0,0.0,0.0
2020-09-16,2020-09-30,2020-09_Q2,-19.689669877950884,147.22717515914223,1.4,0.0,0.4
2020-10-01,2020-10-15,2020-10_Q1,-19.689669877950884,147.22717515914223,0.0,0.0,0.0
2020-10-16,2020-10-31,2020-10_Q2,-19.689669877950884,147.22717515914223,25.89,2.0,18.09
2020-11-01,2020-11-15,2020-11_Q1,-19.689669877950884,147.22717515914223,6.9,2.0,3.45
2020-11-16,2020-11-30,2020-11_Q2,-19.689669877950884,147.22717515914223,11.57,1.0,11.57
2020-12-01,2020-12-15,2020-12_Q1,-19.689669877950884,147.22717515914223,15.18,5.0,4.09
2020-12-16,2020-12-31,2020-12_Q2,-19.689669877950884,147.22717515914223,85.67,6.0,33.4
2021-01-01,2021-01-15,2021-01_Q1,-19.689669877950884,147.22717515914223,329.07,13.0,48.36
2021-01-16,2021-01-31,2021-01_Q2,-19.689669877950884,147.22717515914223,30.47,2.0,24.38
2021-02-01,2021-02-15,2021-02_Q1,-19.689669877950884,147.22717515914223,31.55,2.0,23.39
2021-02-16,2021-02-28,2021-02_Q2,-19.689669877950884,147.22717515914223,117.48,6.0,42.01
2021-03-01,2021-03-15,2021-03_Q1,-19.689669877950884,147.22717515914223,97.22,2.0,81.01
2021-03-16,2021-03-31,2021-03_Q2,-19.689669877950884,147.22717515914223,28.88,1.0,28.88
2021-04-01,2021-04-15,2021-04_Q1,-19.689669877950884,147.22717515914223,49.01,1.0,49.01
2021-04-16,2021-04-30,2021-04_Q2,-19.689669877950884,147.22717515914223,0.0,0.0,0.0
2021-05-01,2021-05-15,2021-05_Q1,-19.689669877950884,147.22717515914223,10.56,2.0,6.94
2021-05-16,2021-05-31,2021-05_Q2,-19.689669877950884,147.22717515914223,3.92,1.0,3.92
2021-06-01,2021-06-15,2021-06_Q1,-19.689669877950884,147.22717515914223,8.5,1.0,8.5
2021-06-16,2021-06-30,2021-06_Q2,-19.689669877950884,147.22717515914223,9.06,2.0,4.58
2021-07-01,2021-07-15,2021-07_Q1,-19.689669877950884,147.22717515914223,0.0,0.0,0.0
2021-07-16,2021-07-31,2021-07_Q2,-19.689669877950884,147.22717515914223,8.29,2.0,4.33
2021-08-01,2021-08-15,2021-08_Q1,-19.689669877950884,147.22717515914223,7.42,1.0,7.42
2021-08-16,2021-08-31,2021-08_Q2,-19.689669877950884,147.22717515914223,24.59,3.0,9.54
2021-09-01,2021-09-15,2021-09_Q1,-19.689669877950884,147.22717515914223,6.14,1.0,6.14
2021-09-16,2021-09-30,2021-09_Q2,-19.689669877950884,147.22717515914223,1.31,1.0,1.31
2021-10-01,2021-10-15,2021-10_Q1,-19.689669877950884,147.22717515914223,3.5,1.0,3.5
2021-10-16,2021-10-31,2021-10_Q2,-19.689669877950884,147.22717515914223,19.57,3.0,9.36
2021-11-01,2021-11-15,2021-11_Q1,-19.689669877950884,147.22717515914223,69.35,3.0,35.22
2021-11-16,2021-11-30,2021-11_Q2,-19.689669877950884,147.22717515914223,122.5,6.0,41.69
2021-12-01,2021-12-15,2021-12_Q1,-19.689669877950884,147.22717515914223,6.29,1.0,6.29
2021-12-16,2021-12-31,2021-12_Q2,-19.689669877950884,147.22717515914223,88.28,5.0,19.79
2022-01-01,2022-01-15,2022-01_Q1,-19.689669877950884,147.22717515914223,30.15,1.0,30.15
2022-01-16,2022-01-31,2022-01_Q2,-19.689669877950884,147.22717515914223,161.16,2.0,143.91
2022-02-01,2022-02-15,2022-02_Q1,-19.689669877950884,147.22717515914223,100.77,2.0,86.37
2022-02-16,2022-02-28,2022-02_Q2,-19.689669877950884,147.22717515914223,24.26,1.0,24.26
2022-03-01,2022-03-15,2022-03_Q1,-19.689669877950884,147.22717515914223,30.13,5.0,7.26
2022-03-16,2022-03-31,2022-03_Q2,-19.689669877950884,147.22717515914223,7.66,2.0,5.11
2022-04-01,2022-04-15,2022-04_Q1,-19.689669877950884,147.22717515914223,0.0,0.0,0.0
2022-04-16,2022-04-30,2022-04_Q2,-19.689669877950884,147.22717515914223,153.96,3.0,75.65
2022-05-01,2022-05-15,2022-05_Q1,-19.689669877950884,147.22717515914223,148.27,3.0,93.72
2022-05-16,2022-05-31,2022-05_Q2,-19.689669877950884,147.22717515914223,0.0,0.0,0.0
2022-06-01,2022-06-15,2022-06_Q1,-19.689669877950884,147.22717515914223,11.8,2.0,6.48
2022-06-16,2022-06-30,2022-06_Q2,-19.689669877950884,147.22717515914223,10.95,2.0,5.49
2022-07-01,2022-07-15,2022-07_Q1,-19.689669877950884,147.22717515914223,40.79,1.0,40.79
2022-07-16,2022-07-31,2022-07_Q2,-19.689669877950884,147.22717515914223,0.0,0.0,0.0
2022-08-01,2022-08-15,2022-08_Q1,-19.689669877950884,147.22717515914223,3.6,1.0,3.6
2022-08-16,2022-08-31,2022-08_Q2,-19.689669877950884,147.22717515914223,3.25,1.0,3.25
2022-09-01,2022-09-15,2022-09_Q1,-19.689669877950884,147.22717515914223,0.0,0.0,0.0
2022-09-16,2022-09-30,2022-09_Q2,-19.689669877950884,147.22717515914223,7.75,1.0,7.33
2022-10-01,2022-10-15,2022-10_Q1,-19.689669877950884,147.22717515914223,0.0,0.0,0.0
2022-10-16,2022-10-31,2022-10_Q2,-19.689669877950884,147.22717515914223,54.35,3.0,26.16
2022-11-01,2022-11-15,2022-11_Q1,-19.689669877950884,147.22717515914223,0.0,0.0,0.0
2022-11-16,2022-11-30,2022-11_Q2,-19.689669877950884,147.22717515914223,85.92,6.0,24.9
2022-12-01,2022-12-15,2022-12_Q1,-19.689669877950884,147.22717515914223,0.0,0.0,0.0
2022-12-16,2022-12-31,2022-12_Q2,-19.689669877950884,147.22717515914223,66.1,2.0,36.46
2023-01-01,2023-01-15,2023-01_Q1,-19.689669877950884,147.22717515914223,270.37,4.0,115.71
2023-01-16,2023-01-31,2023-01_Q2,-19.689669877950884,147.22717515914223,211.18,4.0,87.79
2023-02-01,2023-02-15,2023-02_Q1,-19.689669877950884,147.22717515914223,136.65,7.0,44.15
2023-02-16,2023-02-28,2023-02_Q2,-19.689669877950884,147.22717515914223,34.2,4.0,14.12
2023-03-01,2023-03-15,2023-03_Q1,-19.689669877950884,147.22717515914223,22.96,4.0,7.24
2023-03-16,2023-03-31,2023-03_Q2,-19.689669877950884,147.22717515914223,44.5,4.0,18.38
2023-04-01,2023-04-15,2023-04_Q1,-19.689669877950884,147.22717515914223,0.0,0.0,0.0
2023-04-16,2023-04-30,2023-04_Q2,-19.689669877950884,147.22717515914223,74.51,1.0,74.51
2023-05-01,2023-05-15,2023-05_Q1,-19.689669877950884,147.22717515914223,4.58,1.0,4.58
2023-05-16,2023-05-31,2023-05_Q2,-19.689669877950884,147.22717515914223,7.07,1.0,7.07
2023-06-01,2023-06-15,2023-06_Q1,-19.689669877950884,147.22717515914223,4.86,1.0,4.86
2023-06-16,2023-06-30,2023-06_Q2,-19.689669877950884,147.22717515914223,5.73,1.0,5.73
2023-07-01,2023-07-15,2023-07_Q1,-19.689669877950884,147.22717515914223,24.3,3.0,10.09
2023-07-16,2023-07-31,2023-07_Q2,-19.689669877950884,147.22717515914223,7.38,1.0,7.38
2023-08-01,2023-08-15,2023-08_Q1,-19.689669877950884,147.22717515914223,0.0,0.0,0.0
2023-08-16,2023-08-31,2023-08_Q2,-19.689669877950884,147.22717515914223,6.51,2.0,3.41
2023-09-01,2023-09-15,2023-09_Q1,-19.689669877950884,147.22717515914223,0.0,0.0,0.0
2023-09-16,2023-09-30,2023-09_Q2,-19.689669877950884,147.22717515914223,0.0,0.0,0.0
2023-10-01,2023-10-15,2023-10_Q1,-19.689669877950884,147.22717515914223,0.0,0.0,0.0
2023-10-16,2023-10-31,2023-10_Q2,-19.689669877950884,147.22717515914223,10.4,2.0,5.34
2023-11-01,2023-11-15,2023-11_Q1,-19.689669877950884,147.22717515914223,0.0,0.0,0.0
2023-11-16,2023-11-30,2023-11_Q2,-19.689669877950884,147.22717515914223,26.08,3.0,17.84
2023-12-01,2023-12-15,2023-12_Q1,-19.689669877950884,147.22717515914223,16.41,1.0,16.41
2023-12-16,2023-12-31,2023-12_Q2,-19.689669877950884,147.22717515914223,79.08,7.0,13.15
2024-01-01,2024-01-15,2024-01_Q1,-19.689669877950884,147.22717515914223,131.88,5.0,78.12
2024-01-16,2024-01-31,2024-01_Q2,-19.689669877950884,147.22717515914223,104.6,5.0,39.02
2024-02-01,2024-02-15,2024-02_Q1,-19.689669877950884,147.22717515914223,0.0,0.0,0.0
2024-02-16,2024-02-29,2024-02_Q2,-19.689669877950884,147.22717515914223,198.99,2.0,119.4
2024-03-01,2024-03-15,2024-03_Q1,-19.689669877950884,147.22717515914223,0.0,0.0,0.0
2024-03-16,2024-03-31,2024-03_Q2,-19.689669877950884,147.22717515914223,43.79,3.0,26.73
2024-04-01,2024-04-15,2024-04_Q1,-19.689669877950884,147.22717515914223,1.53,0.0,0.61
2024-04-16,2024-04-30,2024-04_Q2,-19.689669877950884,147.22717515914223,10.34,2.0,5.17
2024-05-01,2024-05-15,2024-05_Q1,-19.689669877950884,147.22717515914223,0.0,0.0,0.0
2024-05-16,2024-05-31,2024-05_Q2,-19.689669877950884,147.22717515914223,20.6,3.0,14.72
2024-06-01,2024-06-15,2024-06_Q1,-19.689669877950884,147.22717515914223,7.36,1.0,7.36
2024-06-16,2024-06-30,2024-06_Q2,-19.689669877950884,147.22717515914223,11.26,2.0,6.34
2024-07-01,2024-07-15,2024-07_Q1,-19.689669877950884,147.22717515914223,3.16,1.0,3.16
2024-07-16,2024-07-31,2024-07_Q2,-19.689669877950884,147.22717515914223,2.46,1.0,2.46
2024-08-01,2024-08-15,2024-08_Q1,-19.689669877950884,147.22717515914223,18.35,2.0,15.36
2024-08-16,2024-08-31,2024-08_Q2,-19.689669877950884,147.22717515914223,8.22,2.0,4.43
2024-09-01,2024-09-15,2024-09_Q1,-19.689669877950884,147.22717515914223,0.0,0.0,0.0
2024-09-16,2024-09-30,2024-09_Q2,-19.689669877950884,147.22717515914223,5.83,2.0,4.2
2024-10-01,2024-10-15,2024-10_Q1,-19.689669877950884,147.22717515914223,10.7,2.0,6.71
2024-10-16,2024-10-31,2024-10_Q2,-19.689669877950884,147.22717515914223,12.71,2.0,7.69
2024-11-01,2024-11-15,2024-11_Q1,-19.689669877950884,147.22717515914223,0.0,0.0,0.0
2024-11-16,2024-11-30,2024-11_Q2,-19.689669877950884,147.22717515914223,43.77,1.0,43.77
2024-12-01,2024-12-15,2024-12_Q1,-19.689669877950884,147.22717515914223,64.32,4.0,22.01
2024-12-16,2024-12-31,2024-12_Q2,-19.689669877950884,147.22717515914223,144.76,4.0,73.88
2025-01-01,2025-01-15,2025-01_Q1,-19.689669877950884,147.22717515914223,78.38,3.0,45.25
2025-01-16,2025-01-31,2025-01_Q2,-19.689669877950884,147.22717515914223,199.76,11.0,79.37
2025-02-01,2025-02-15,2025-02_Q1,-19.689669877950884,147.22717515914223,609.49,12.0,128.77
2025-02-16,2025-02-28,2025-02_Q2,-19.689669877950884,147.22717515914223,12.6,1.0,11.49
2025-03-01,2025-03-15,2025-03_Q1,-19.689669877950884,147.22717515914223,19.82,2.0,13.32
2025-03-16,2025-03-31,2025-03_Q2,-19.689669877950884,147.22717515914223,215.76,14.0,28.73
2025-04-01,2025-04-15,2025-04_Q1,-19.689669877950884,147.22717515914223,75.13,4.0,25.04
2025-04-16,2025-04-30,2025-04_Q2,-19.689669877950884,147.22717515914223,0.0,0.0,0.0
2025-05-01,2025-05-15,2025-05_Q1,-19.689669877950884,147.22717515914223,14.08,4.0,6.37
2025-05-16,2025-05-31,2025-05_Q2,-19.689669877950884,147.22717515914223,11.63,1.0,11.58
2025-06-01,2025-06-15,2025-06_Q1,-19.689669877950884,147.22717515914223,12.45,2.0,6.37
2025-06-16,2025-06-30,2025-06_Q2,-19.689669877950884,147.22717515914223,11.93,2.0,6.52
2025-07-01,2025-07-15,2025-07_Q1,-19.689669877950884,147.22717515914223,9.05,2.0,4.84
2025-07-16,2025-07-31,2025-07_Q2,-19.689669877950884,147.22717515914223,4.26,1.0,4.26
2025-08-01,2025-08-15,2025-08_Q1,-19.689669877950884,147.22717515914223,0.0,0.0,0.0
2025-08-16,2025-08-31,2025-08_Q2,-19.689669877950884,147.22717515914223,7.98,2.0,4.14
2025-09-01,2025-09-15,2025-09_Q1,-19.689669877950884,147.22717515914223,0.0,0.0,0.0
2025-09-16,2025-09-30,2025-09_Q2,-19.689669877950884,147.22717515914223,0.0,0.0,0.0
2025-10-01,2025-10-15,2025-10_Q1,-19.689669877950884,147.22717515914223,1.78,1.0,1.18
2025-10-16,2025-10-31,2025-10_Q2,-19.689669877950884,147.22717515914223,22.15,2.0,11.82
2025-11-01,2025-11-15,2025-11_Q1,-19.689669877950884,147.22717515914223,4.98,1.0,4.98
2025-11-16,2025-11-30,2025-11_Q2,-19.689669877950884,147.22717515914223,38.38,4.0,17.93
2025-12-01,2025-12-15,2025-12_Q1,-19.689669877950884,147.22717515914223,0.0,0.0,0.0
2025-12-16,2025-12-31,2025-12_Q2,-19.689669877950884,147.22717515914223,133.85,7.0,47.79
2026-01-01,2026-01-15,2026-01_Q1,-19.689669877950884,147.22717515914223,270.17,10.0,51.05
2026-01-16,2026-01-31,2026-01_Q2,-19.689669877950884,147.22717515914223,67.08,3.0,32.53
2026-02-01,2026-02-15,2026-02_Q1,-19.689669877950884,147.22717515914223,107.74,4.0,58.65
2026-02-16,2026-02-28,2026-02_Q2,-19.689669877950884,147.22717515914223,166.8,6.0,65.28
2026-03-01,2026-03-15,2026-03_Q1,-19.689669877950884,147.22717515914223,146.24,5.0,43.03
2026-03-16,2026-03-31,2026-03_Q2,-19.689669877950884,147.22717515914223,26.14,2.0,13.07
2026-04-01,2026-04-15,2026-04_Q1,-19.689669877950884,147.22717515914223,15.72,2.0,13.64
2026-04-16,2026-04-30,2026-04_Q2,-19.689669877950884,147.22717515914223,1.97,1.0,1.97
2026-05-01,2026-05-15,2026-05_Q1,-19.689669877950884,147.22717515914223,6.76,2.0,3.19
2026-05-16,2026-05-31,2026-05_Q2,-19.689669877950884,147.22717515914223,5.87,2.0,4.41
2026-06-01,2026-06-15,2026-06_Q1,-19.689669877950884,147.22717515914223,5.67,1.0,5.67
2026-06-16,2026-06-30,2026-06_Q2,-19.689669877950884,147.22717515914223,4.81,1.0,4.81
2026-07-01,2026-07-15,2026-07_Q1,-19.689669877950884,147.22717515914223,,,
2026-07-16,2026-07-31,2026-07_Q2,-19.689669877950884,147.22717515914223,,,
