period_start,period_end,label,precip_mm,temp_c,pet_mm,water_balance,spei_1m,spei_3m,spei_6m,spei_12m
2016-01-01,2016-01-15,2016-01_Q1,71.48,16.38,61.26,10.22,,,,
2016-01-16,2016-01-31,2016-01_Q2,0.0,16.63,61.94,-61.94,-0.475,,,
2016-02-01,2016-02-15,2016-02_Q1,0.0,16.87,62.61,-62.61,-1.766,,,
2016-02-16,2016-02-29,2016-02_Q2,55.76,17.24,63.69,-7.93,-0.31,,,
2016-03-01,2016-03-15,2016-03_Q1,15.8,17.21,63.6,-47.8,-1.182,,,
2016-03-16,2016-03-31,2016-03_Q2,60.25,17.77,65.34,-5.09,-1.123,-1.105,,
2016-04-01,2016-04-15,2016-04_Q1,68.09,16.75,62.27,5.82,-0.777,-2.257,,
2016-04-16,2016-04-30,2016-04_Q2,71.67,16.78,62.35,9.32,-0.444,-1.091,,
2016-05-01,2016-05-15,2016-05_Q1,108.99,16.33,61.13,47.86,0.023,-1.147,,
2016-05-16,2016-05-31,2016-05_Q2,92.73,16.74,62.24,30.49,0.534,-0.684,,
2016-06-01,2016-06-15,2016-06_Q1,32.91,15.94,60.12,-27.21,0.591,-0.393,,
2016-06-16,2016-06-30,2016-06_Q2,34.14,16.08,60.48,-26.34,-2.156,-0.721,-1.843,
2016-07-01,2016-07-15,2016-07_Q1,23.04,16.01,60.3,-37.26,-1.055,0.055,-1.722,
2016-07-16,2016-07-31,2016-07_Q2,33.82,15.62,59.34,-25.52,-1.007,-0.608,-1.4,
2016-08-01,2016-08-15,2016-08_Q1,27.73,16.38,61.26,-33.53,-1.28,-0.636,-1.35,
2016-08-16,2016-08-31,2016-08_Q2,28.18,16.36,61.21,-33.03,-1.879,-2.149,-1.61,
2016-09-01,2016-09-15,2016-09_Q1,41.68,15.92,60.07,-18.39,-1.337,-1.651,-1.425,
2016-09-16,2016-09-30,2016-09_Q2,28.93,15.96,60.17,-31.24,-1.274,-1.738,-1.709,
2016-10-01,2016-10-15,2016-10_Q1,74.77,16.0,60.27,14.5,-1.681,-2.13,-1.555,
2016-10-16,2016-10-31,2016-10_Q2,96.2,16.02,60.33,35.87,0.003,-0.877,-1.25,
2016-11-01,2016-11-15,2016-11_Q1,161.88,15.82,59.82,102.06,1.24,-0.526,-0.926,
2016-11-16,2016-11-30,2016-11_Q2,18.09,15.63,59.36,-41.27,-0.257,-0.68,-1.994,
2016-12-01,2016-12-15,2016-12_Q1,51.27,15.46,58.95,-7.68,-0.303,-0.633,-1.331,
2016-12-16,2016-12-31,2016-12_Q2,9.27,15.2,58.35,-49.08,-0.508,-1.097,-1.604,-2.447
2017-01-01,2017-01-15,2017-01_Q1,36.07,15.16,58.26,-22.19,-0.953,-0.077,-1.332,-1.88
2017-01-16,2017-01-31,2017-01_Q2,0.0,14.97,57.83,-57.83,-1.161,-1.296,-1.727,-1.856
2017-02-01,2017-02-15,2017-02_Q1,16.24,15.98,60.22,-43.98,-1.137,-1.772,-1.735,-1.699
2017-02-16,2017-02-28,2017-02_Q2,15.09,15.41,58.84,-43.75,-0.757,-1.85,-1.874,-1.873
2017-03-01,2017-03-15,2017-03_Q1,93.53,15.48,59.0,34.53,-0.181,-1.222,-1.524,-1.511
2017-03-16,2017-03-31,2017-03_Q2,70.93,15.51,59.07,11.86,0.927,-0.323,-0.817,-1.396
2017-04-01,2017-04-15,2017-04_Q1,68.66,16.25,60.92,7.74,-0.338,-0.835,-0.822,-2.162
2017-04-16,2017-04-30,2017-04_Q2,127.42,16.11,60.55,66.87,0.93,0.71,-0.338,-1.284
2017-05-01,2017-05-15,2017-05_Q1,101.61,15.89,60.0,41.61,1.201,0.354,-0.579,-1.142
2017-05-16,2017-05-31,2017-05_Q2,33.9,16.33,61.13,-27.23,-0.982,0.57,-0.387,-1.849
2017-06-01,2017-06-15,2017-06_Q1,55.38,16.07,60.45,-5.07,-0.577,0.161,-0.82,-1.505
2017-06-16,2017-06-30,2017-06_Q2,40.78,15.98,60.22,-19.44,-0.232,-0.341,-0.38,-1.388
2017-07-01,2017-07-15,2017-07_Q1,35.71,16.07,60.45,-24.74,0.154,0.648,-0.499,-1.42
2017-07-16,2017-07-31,2017-07_Q2,43.4,16.15,60.66,-17.26,0.292,-0.885,-0.028,-1.263
2017-08-01,2017-08-15,2017-08_Q1,26.47,16.12,60.58,-34.11,-0.653,-0.861,-0.011,-1.411
2017-08-16,2017-08-31,2017-08_Q2,45.21,15.95,60.15,-14.94,-0.464,-0.533,0.373,-1.037
2017-09-01,2017-09-15,2017-09_Q1,63.97,16.19,60.76,3.21,0.049,-0.251,-0.098,-1.048
2017-09-16,2017-09-30,2017-09_Q2,40.71,16.28,61.0,-20.29,-0.128,-0.271,-0.553,-0.893
2017-10-01,2017-10-15,2017-10_Q1,60.6,15.83,59.85,0.75,-1.776,-1.181,-0.636,-0.995
2017-10-16,2017-10-31,2017-10_Q2,117.8,16.13,60.61,57.19,0.139,-0.002,-0.747,-0.725
2017-11-01,2017-11-15,2017-11_Q1,83.28,15.76,59.68,23.6,0.17,-0.926,-1.342,-1.848
2017-11-16,2017-11-30,2017-11_Q2,87.85,15.68,59.48,28.37,-0.447,-0.148,-0.552,-0.575
2017-12-01,2017-12-15,2017-12_Q1,98.43,15.67,59.46,38.97,1.336,0.432,0.107,-0.524
2017-12-16,2017-12-31,2017-12_Q2,0.0,15.2,58.35,-58.35,0.322,-0.226,-0.325,-0.615
2018-01-01,2018-01-15,2018-01_Q1,79.47,15.09,58.1,21.37,-0.112,1.121,0.109,-0.176
2018-01-16,2018-01-31,2018-01_Q2,0.0,15.42,58.86,-58.86,-0.125,-0.387,-0.277,-0.184
2018-02-01,2018-02-15,2018-02_Q1,10.0,15.82,59.82,-49.82,-1.326,0.456,-0.34,-0.347
2018-02-16,2018-02-28,2018-02_Q2,13.64,15.23,58.42,-44.78,-0.941,-0.338,-0.644,-0.353
2018-03-01,2018-03-15,2018-03_Q1,16.52,16.06,60.43,-43.91,-1.828,-2.184,-1.439,-0.802
2018-03-16,2018-03-31,2018-03_Q2,156.42,15.92,60.07,96.35,1.03,0.172,0.014,-0.262
2018-04-01,2018-04-15,2018-04_Q1,87.11,15.15,58.23,28.88,1.849,-0.553,0.485,-0.017
2018-04-16,2018-04-30,2018-04_Q2,88.92,15.83,59.85,29.07,0.567,0.538,0.255,-0.303
2018-05-01,2018-05-15,2018-05_Q1,113.43,15.62,59.34,54.09,0.647,0.365,0.631,-0.158
2018-05-16,2018-05-31,2018-05_Q2,61.71,15.94,60.12,1.59,-0.014,0.953,0.49,0.029
2018-06-01,2018-06-15,2018-06_Q1,39.13,16.28,61.0,-21.87,-0.07,1.497,-0.244,0.028
2018-06-16,2018-06-30,2018-06_Q2,39.01,15.53,59.12,-20.11,-1.129,-0.227,0.172,0.025
2018-07-01,2018-07-15,2018-07_Q1,41.21,15.75,59.65,-18.44,0.506,0.527,-0.366,0.083
2018-07-16,2018-07-31,2018-07_Q2,28.73,15.96,60.17,-31.44,-0.211,-0.573,-0.046,0.001
2018-08-01,2018-08-15,2018-08_Q1,42.26,15.82,59.82,-17.56,-0.461,-0.324,0.268,0.218
2018-08-16,2018-08-31,2018-08_Q2,50.29,16.01,60.3,-10.01,1.022,-0.638,0.718,0.247
2018-09-01,2018-09-15,2018-09_Q1,64.17,15.91,60.05,4.12,0.233,0.073,1.325,0.106
2018-09-16,2018-09-30,2018-09_Q2,72.76,16.07,60.45,12.31,0.855,0.803,0.22,0.329
2018-10-01,2018-10-15,2018-10_Q1,151.6,15.61,59.31,92.29,0.804,0.639,0.654,0.761
2018-10-16,2018-10-31,2018-10_Q2,129.97,15.74,59.63,70.34,1.345,1.366,0.99,0.812
2018-11-01,2018-11-15,2018-11_Q1,94.6,15.67,59.46,35.14,0.668,0.96,0.786,0.843
2018-11-16,2018-11-30,2018-11_Q2,39.04,16.07,60.45,-21.41,-1.236,0.882,0.574,0.681
2018-12-01,2018-12-15,2018-12_Q1,15.94,15.33,58.65,-42.71,-0.719,0.665,0.424,0.138
2018-12-16,2018-12-31,2018-12_Q2,11.34,15.73,59.6,-48.26,-1.695,-0.334,0.139,0.224
2019-01-01,2019-01-15,2019-01_Q1,88.3,15.81,59.8,28.5,0.297,-0.024,0.456,0.195
2019-01-16,2019-01-31,2019-01_Q2,0.0,16.34,61.15,-61.15,-0.007,-1.675,0.22,0.179
2019-02-01,2019-02-15,2019-02_Q1,0.0,16.39,61.29,-61.29,-1.707,-1.345,-0.088,-0.033
2019-02-16,2019-02-28,2019-02_Q2,53.55,16.2,60.79,-7.24,-0.26,-1.03,-0.062,0.214
2019-03-01,2019-03-15,2019-03_Q1,60.52,16.43,61.39,-0.87,-0.156,-0.724,-0.119,0.432
2019-03-16,2019-03-31,2019-03_Q2,79.58,16.31,61.07,18.51,0.386,0.13,-0.063,0.009
2019-04-01,2019-04-15,2019-04_Q1,98.76,16.52,61.64,37.12,0.514,-0.593,-0.488,0.196
2019-04-16,2019-04-30,2019-04_Q2,94.96,16.42,61.37,33.59,0.847,0.579,-1.144,0.223
2019-05-01,2019-05-15,2019-05_Q1,70.74,16.64,61.96,8.78,-0.338,-0.035,-0.791,-0.046
2019-05-16,2019-05-31,2019-05_Q2,143.39,15.99,60.25,83.14,0.846,1.119,0.325,0.408
2019-06-01,2019-06-15,2019-06_Q1,50.05,16.22,60.84,-10.79,1.515,1.269,0.418,0.461
2019-06-16,2019-06-30,2019-06_Q2,25.23,16.42,61.37,-36.14,-1.493,0.477,0.512,0.401
2019-07-01,2019-07-15,2019-07_Q1,23.56,16.05,60.4,-36.84,-1.564,0.795,-0.196,0.36
2019-07-16,2019-07-31,2019-07_Q2,40.19,16.13,60.61,-20.42,-0.676,-0.114,0.281,0.405
2019-08-01,2019-08-15,2019-08_Q1,29.14,16.44,61.42,-32.28,-0.761,1.041,0.591,0.483
2019-08-16,2019-08-31,2019-08_Q2,34.69,16.18,60.74,-26.05,-1.221,-1.708,0.346,0.408
2019-09-01,2019-09-15,2019-09_Q1,34.86,16.89,62.66,-27.8,-1.423,-1.748,-0.064,0.088
2019-09-16,2019-09-30,2019-09_Q2,87.38,15.88,59.97,27.41,0.399,-0.453,0.064,0.197
2019-10-01,2019-10-15,2019-10_Q1,76.97,15.73,59.6,17.37,-0.104,-0.807,-0.289,-0.408
2019-10-16,2019-10-31,2019-10_Q2,81.6,15.55,59.17,22.43,-0.204,-0.146,-0.414,-0.953
2019-11-01,2019-11-15,2019-11_Q1,134.8,15.86,59.92,74.88,0.509,-0.218,0.17,-0.268
2019-11-16,2019-11-30,2019-11_Q2,20.2,15.71,59.55,-39.35,-0.796,-0.435,-1.479,-0.44
2019-12-01,2019-12-15,2019-12_Q1,0.0,15.66,59.43,-59.43,-2.079,-1.426,-1.744,-1.026
2019-12-16,2019-12-31,2019-12_Q2,100.94,16.2,60.79,40.15,0.323,-1.051,-0.826,-0.168
2020-01-01,2020-01-15,2020-01_Q1,25.45,15.14,58.21,-32.76,0.879,-0.239,-0.721,-0.58
2020-01-16,2020-01-31,2020-01_Q2,105.38,15.83,59.85,45.53,0.983,0.078,-0.057,0.156
2020-02-01,2020-02-15,2020-02_Q1,7.46,16.08,60.48,-53.02,0.987,0.274,-0.166,0.074
2020-02-16,2020-02-29,2020-02_Q2,55.62,16.41,61.34,-5.72,-0.023,0.56,0.018,0.084
2020-03-01,2020-03-15,2020-03_Q1,91.59,16.55,61.72,29.87,0.516,1.041,0.42,0.264
2020-03-16,2020-03-31,2020-03_Q2,22.12,15.87,59.95,-37.83,-0.153,0.431,-0.061,-0.053
2020-04-01,2020-04-15,2020-04_Q1,52.88,16.49,61.55,-8.67,-1.733,0.018,-0.101,-0.259
2020-04-16,2020-04-30,2020-04_Q2,33.99,15.94,60.12,-26.13,-1.517,-0.987,-0.8,-0.8
2020-05-01,2020-05-15,2020-05_Q1,44.2,16.66,62.02,-17.82,-2.064,-1.854,-2.233,-0.915
2020-05-16,2020-05-31,2020-05_Q2,63.7,16.39,61.29,2.41,-1.578,-1.777,-0.918,-1.856
2020-06-01,2020-06-15,2020-06_Q1,54.76,15.58,59.24,-4.48,0.469,-2.322,-0.541,-1.84
2020-06-16,2020-06-30,2020-06_Q2,26.48,15.64,59.38,-32.9,-0.847,-2.274,-2.029,-1.765
2020-07-01,2020-07-15,2020-07_Q1,32.48,15.22,58.4,-25.92,-0.772,-1.887,-1.29,-1.996
2020-07-16,2020-07-31,2020-07_Q2,44.86,15.36,58.72,-13.86,0.431,-1.659,-1.817,-1.784
2020-08-01,2020-08-15,2020-08_Q1,31.88,15.89,60.0,-28.12,0.089,-0.189,-1.868,-2.006
2020-08-16,2020-08-31,2020-08_Q2,41.81,15.27,58.51,-16.7,-0.128,-0.705,-1.967,-1.663
2020-09-01,2020-09-15,2020-09_Q1,66.28,15.41,58.84,7.44,0.128,-0.316,-2.307,-1.26
2020-09-16,2020-09-30,2020-09_Q2,46.04,15.42,58.86,-12.82,0.249,0.154,-2.085,-2.105
2020-10-01,2020-10-15,2020-10_Q1,64.9,15.21,58.37,6.53,-1.351,-0.736,-1.919,-2.173
2020-10-16,2020-10-31,2020-10_Q2,134.14,15.33,58.65,75.49,0.516,0.463,-0.752,-1.12
2020-11-01,2020-11-15,2020-11_Q1,125.85,14.93,57.74,68.11,1.329,0.305,0.058,-0.948
2020-11-16,2020-11-30,2020-11_Q2,85.1,15.14,58.21,26.89,0.463,0.721,0.333,-0.2
2020-12-01,2020-12-15,2020-12_Q1,20.76,15.23,58.42,-37.66,0.467,0.402,0.055,-0.397
2020-12-16,2020-12-31,2020-12_Q2,16.96,14.73,57.3,-40.34,-1.176,-0.059,-0.025,-1.188
2021-01-01,2021-01-15,2021-01_Q1,17.01,14.87,57.61,-40.6,-1.183,0.388,-0.205,-0.931
2021-01-16,2021-01-31,2021-01_Q2,11.17,15.38,58.77,-47.6,-1.351,-1.24,-0.545,-1.531
2021-02-01,2021-02-15,2021-02_Q1,38.73,15.85,59.9,-21.17,-0.266,-0.47,-0.376,-1.343
2021-02-16,2021-02-28,2021-02_Q2,56.73,15.44,58.91,-2.18,0.717,-0.977,-0.234,-1.324
2021-03-01,2021-03-15,2021-03_Q1,35.19,15.04,57.99,-22.8,-0.525,-1.098,-0.576,-1.701
2021-03-16,2021-03-31,2021-03_Q2,76.14,14.94,57.76,18.38,-0.076,-0.254,-0.238,-1.319
2021-04-01,2021-04-15,2021-04_Q1,94.47,15.34,58.67,35.8,0.481,-0.106,0.268,-1.329
2021-04-16,2021-04-30,2021-04_Q2,63.84,15.44,58.91,4.93,0.166,0.509,-0.563,-0.962
2021-05-01,2021-05-15,2021-05_Q1,38.64,15.24,58.44,-19.8,-1.568,-1.006,-1.451,-0.827
2021-05-16,2021-05-31,2021-05_Q2,95.88,15.64,59.38,36.5,-0.932,-0.525,-1.198,-0.53
2021-06-01,2021-06-15,2021-06_Q1,60.43,15.12,58.17,2.26,1.173,-0.124,-0.994,-0.318
2021-06-16,2021-06-30,2021-06_Q2,31.82,14.93,57.74,-25.92,-0.197,-0.813,-0.75,-0.268
2021-07-01,2021-07-15,2021-07_Q1,33.76,15.22,58.4,-24.64,-0.254,-0.388,-0.576,-0.258
2021-07-16,2021-07-31,2021-07_Q2,58.03,15.47,58.98,-0.95,1.234,-0.502,-0.037,-0.164
2021-08-01,2021-08-15,2021-08_Q1,32.11,15.35,58.7,-26.59,1.024,1.326,-0.225,-0.055
2021-08-16,2021-08-31,2021-08_Q2,46.68,15.22,58.4,-11.72,0.356,0.221,-0.351,-0.017
2021-09-01,2021-09-15,2021-09_Q1,33.15,15.08,58.08,-24.93,-0.81,-0.425,-0.456,-0.573
2021-09-16,2021-09-30,2021-09_Q2,110.62,15.19,58.33,52.29,1.11,1.291,0.028,0.041
2021-10-01,2021-10-15,2021-10_Q1,63.26,15.5,59.05,4.21,0.114,0.005,-0.45,0.027
2021-10-16,2021-10-31,2021-10_Q2,59.86,15.24,58.44,1.42,-1.011,0.035,-0.49,-0.645
2021-11-01,2021-11-15,2021-11_Q1,43.53,15.09,58.1,-14.57,-1.734,-2.153,-0.688,-1.761
2021-11-16,2021-11-30,2021-11_Q2,87.21,14.87,57.61,29.6,-1.211,-0.959,-0.784,-1.681
2021-12-01,2021-12-15,2021-12_Q1,125.52,15.32,58.63,66.89,1.54,0.587,0.147,-0.585
2021-12-16,2021-12-31,2021-12_Q2,96.35,15.28,58.53,37.82,1.59,0.385,0.755,0.141
2022-01-01,2022-01-15,2022-01_Q1,70.59,14.31,56.41,14.18,1.634,1.383,0.84,0.443
2022-01-16,2022-01-31,2022-01_Q2,0.0,14.94,57.76,-57.76,-0.274,0.702,0.452,0.377
2022-02-01,2022-02-15,2022-02_Q1,49.94,14.79,57.43,-7.49,-0.179,1.331,0.634,0.329
2022-02-16,2022-02-28,2022-02_Q2,75.33,14.79,57.43,17.9,1.251,1.288,0.82,0.458
2022-03-01,2022-03-15,2022-03_Q1,92.91,14.62,57.06,35.85,1.052,1.143,0.965,0.689
2022-03-16,2022-03-31,2022-03_Q2,40.82,15.46,58.95,-18.13,0.388,0.761,0.657,0.516
2022-04-01,2022-04-15,2022-04_Q1,75.79,15.69,59.51,16.28,-0.835,0.218,0.974,0.561
2022-04-16,2022-04-30,2022-04_Q2,131.51,15.01,57.92,73.59,1.236,1.37,1.263,0.854
2022-05-01,2022-05-15,2022-05_Q1,106.13,15.63,59.36,46.77,1.436,1.026,1.312,1.02
2022-05-16,2022-05-31,2022-05_Q2,59.24,15.29,58.56,0.68,-0.215,0.818,1.249,0.908
2022-06-01,2022-06-15,2022-06_Q1,45.11,14.69,57.21,-12.1,0.219,0.341,1.157,0.769
2022-06-16,2022-06-30,2022-06_Q2,48.81,14.54,56.89,-8.08,-0.067,0.499,0.943,0.814
2022-07-01,2022-07-15,2022-07_Q1,20.69,15.23,58.42,-37.73,0.051,1.09,0.758,0.81
2022-07-16,2022-07-31,2022-07_Q2,45.97,15.08,58.08,-12.11,-0.207,-0.309,1.229,0.782
2022-08-01,2022-08-15,2022-08_Q1,39.28,15.05,58.01,-18.73,0.837,0.207,1.167,0.954
2022-08-16,2022-08-31,2022-08_Q2,58.67,14.9,57.67,1.0,1.497,0.215,0.971,0.986
2022-09-01,2022-09-15,2022-09_Q1,62.73,15.26,58.49,4.24,0.561,0.578,0.573,1.162
2022-09-16,2022-09-30,2022-09_Q2,78.88,14.93,57.74,21.14,1.066,1.184,1.088,1.066
2022-10-01,2022-10-15,2022-10_Q1,198.43,14.91,57.7,140.73,1.339,1.28,1.54,1.366
2022-10-16,2022-10-31,2022-10_Q2,172.88,14.79,57.43,115.45,1.886,1.86,1.762,1.579
2022-11-01,2022-11-15,2022-11_Q1,119.43,14.8,57.45,61.98,1.807,1.619,1.802,1.531
2022-11-16,2022-11-30,2022-11_Q2,75.14,14.72,57.28,17.86,0.15,1.674,1.878,1.517
2022-12-01,2022-12-15,2022-12_Q1,20.05,14.07,55.92,-35.87,0.346,1.907,1.797,2.208
2022-12-16,2022-12-31,2022-12_Q2,25.75,14.56,56.94,-31.19,-0.809,1.661,1.68,1.979
2023-01-01,2023-01-15,2023-01_Q1,115.69,14.03,55.84,59.85,1.268,1.887,1.729,1.971
2023-01-16,2023-01-31,2023-01_Q2,17.44,14.27,56.33,-38.89,1.134,0.143,1.637,2.038
2023-02-01,2023-02-15,2023-02_Q1,41.89,15.01,57.92,-16.03,0.067,0.709,1.631,2.016
2023-02-16,2023-02-28,2023-02_Q2,11.76,14.89,57.65,-45.89,-0.098,0.184,1.462,1.742
2023-03-01,2023-03-15,2023-03_Q1,119.74,15.04,57.99,61.75,0.351,0.8,1.364,1.445
2023-03-16,2023-03-31,2023-03_Q2,18.11,14.88,57.63,-39.52,0.478,0.736,1.199,1.379
2023-04-01,2023-04-15,2023-04_Q1,67.54,15.34,58.67,8.87,-1.437,-0.518,0.957,1.344
2023-04-16,2023-04-30,2023-04_Q2,123.54,15.05,58.01,65.53,0.925,0.724,0.685,1.324
2023-05-01,2023-05-15,2023-05_Q1,79.12,16.16,60.68,18.44,0.665,-0.312,0.547,1.182
2023-05-16,2023-05-31,2023-05_Q2,136.48,15.86,59.92,76.56,0.914,1.248,0.818,1.36
2023-06-01,2023-06-15,2023-06_Q1,65.42,15.72,59.58,5.84,1.595,0.782,1.059,1.18
2023-06-16,2023-06-30,2023-06_Q2,66.24,16.04,60.38,5.86,0.762,1.409,1.217,1.202
2023-07-01,2023-07-15,2023-07_Q1,40.11,15.96,60.17,-20.06,1.764,1.995,1.101,1.241
2023-07-16,2023-07-31,2023-07_Q2,43.62,16.03,60.35,-16.73,0.612,1.176,1.318,1.234
2023-08-01,2023-08-15,2023-08_Q1,22.13,16.06,60.43,-38.3,-0.952,2.173,1.146,1.357
2023-08-16,2023-08-31,2023-08_Q2,62.16,16.03,60.35,1.81,0.48,0.859,1.651,1.358
2023-09-01,2023-09-15,2023-09_Q1,23.74,16.14,60.63,-36.89,-0.754,-0.182,0.513,1.472
2023-09-16,2023-09-30,2023-09_Q2,45.79,16.29,61.02,-15.23,-1.362,-0.668,0.842,1.393
2023-10-01,2023-10-15,2023-10_Q1,69.13,16.09,60.5,8.63,-1.36,-1.455,0.487,0.98
2023-10-16,2023-10-31,2023-10_Q2,111.5,15.53,59.12,52.38,0.192,-0.269,0.362,0.751
2023-11-01,2023-11-15,2023-11_Q1,82.61,15.85,59.9,22.71,0.05,-1.307,0.3,0.62
2023-11-16,2023-11-30,2023-11_Q2,67.01,15.67,59.46,7.55,-0.905,-1.164,-0.548,0.579
2023-12-01,2023-12-15,2023-12_Q1,10.48,16.1,60.53,-50.05,-0.147,-2.03,-1.047,0.474
2023-12-16,2023-12-31,2023-12_Q2,65.68,15.91,60.05,5.63,-0.192,-1.317,-1.05,0.748
2024-01-01,2024-01-15,2024-01_Q1,13.14,15.89,60.0,-46.86,-0.216,-0.438,-1.283,-0.121
2024-01-16,2024-01-31,2024-01_Q2,8.34,16.59,61.83,-53.49,-1.623,-1.723,-1.731,-0.222
2024-02-01,2024-02-15,2024-02_Q1,96.64,16.32,61.1,35.54,0.813,0.247,-0.747,-0.004
2024-02-16,2024-02-29,2024-02_Q2,0.0,16.39,61.29,-61.29,0.673,-0.63,-1.474,-0.106
2024-03-01,2024-03-15,2024-03_Q1,28.44,17.05,63.12,-34.68,-1.962,-0.796,-1.961,-0.674
2024-03-16,2024-03-31,2024-03_Q2,78.48,16.92,62.75,15.73,-0.393,-0.648,-1.3,-0.322
2024-04-01,2024-04-15,2024-04_Q1,45.12,16.72,62.18,-17.06,-0.823,-1.199,-2.118,-0.465
2024-04-16,2024-04-30,2024-04_Q2,126.79,16.19,60.76,66.03,0.36,0.416,-1.649,-0.46
2024-05-01,2024-05-15,2024-05_Q1,99.26,16.37,61.23,38.03,1.109,-1.095,-0.462,-0.237
2024-05-16,2024-05-31,2024-05_Q2,83.32,16.4,61.31,22.01,0.093,-0.032,-0.281,-0.665
2024-06-01,2024-06-15,2024-06_Q1,50.3,16.31,61.07,-10.77,0.753,0.45,-0.182,-0.64
2024-06-16,2024-06-30,2024-06_Q2,39.71,15.43,58.88,-19.17,-0.465,-0.108,-0.505,-0.894
2024-07-01,2024-07-15,2024-07_Q1,47.07,15.81,59.8,-12.73,0.895,1.337,-0.181,-0.906
2024-07-16,2024-07-31,2024-07_Q2,55.05,16.06,60.43,-5.38,1.593,0.322,0.381,-0.765
2024-08-01,2024-08-15,2024-08_Q1,42.64,15.85,59.9,-17.26,1.274,1.248,-0.378,-0.497
2024-08-16,2024-08-31,2024-08_Q2,24.52,15.96,60.17,-35.65,-0.779,-0.138,-0.037,-1.021
2024-09-01,2024-09-15,2024-09_Q1,46.47,16.38,61.26,-14.79,-1.302,-0.198,0.196,-1.027
2024-09-16,2024-09-30,2024-09_Q2,74.21,15.86,59.92,14.29,0.396,0.575,0.176,-0.641
2024-10-01,2024-10-15,2024-10_Q1,91.76,15.54,59.14,32.62,-0.063,-0.248,0.503,-0.344
2024-10-16,2024-10-31,2024-10_Q2,100.25,16.04,60.38,39.87,0.377,0.327,0.252,-0.465
2024-11-01,2024-11-15,2024-11_Q1,150.85,15.05,58.01,92.84,1.155,0.318,0.692,0.246
2024-11-16,2024-11-30,2024-11_Q2,67.08,15.28,58.53,8.55,0.589,0.735,0.565,0.252
2024-12-01,2024-12-15,2024-12_Q1,0.0,15.39,58.79,-58.79,-0.335,0.443,0.14,-0.068
2024-12-16,2024-12-31,2024-12_Q2,76.35,15.3,58.58,17.77,-0.113,0.493,0.508,0.042
2025-01-01,2025-01-15,2025-01_Q1,28.55,15.22,58.4,-29.85,0.471,0.629,0.242,0.12
2025-01-16,2025-01-31,2025-01_Q2,4.29,15.07,58.05,-53.76,-1.245,-0.635,-0.191,0.118
2025-02-01,2025-02-15,2025-02_Q1,49.06,15.49,59.03,-9.97,-0.142,-0.011,-0.04,-0.318
2025-02-16,2025-02-28,2025-02_Q2,76.56,15.68,59.48,17.08,1.205,0.085,0.393,0.199
2025-03-01,2025-03-15,2025-03_Q1,0.0,15.42,58.86,-58.86,-0.889,-0.275,0.022,0.056
2025-03-16,2025-03-31,2025-03_Q2,100.32,15.92,60.07,40.25,-0.386,-0.0,0.222,0.194
2025-04-01,2025-04-15,2025-04_Q1,32.94,15.79,59.75,-26.81,-0.484,-0.845,-0.075,0.285
2025-04-16,2025-04-30,2025-04_Q2,88.02,15.7,59.53,28.49,-0.755,0.259,-0.211,0.049
2025-05-01,2025-05-15,2025-05_Q1,117.24,15.34,58.67,58.57,0.736,-0.45,-0.137,0.185
2025-05-16,2025-05-31,2025-05_Q2,68.91,15.6,59.29,9.62,0.291,-0.548,-0.126,0.114
2025-06-01,2025-06-15,2025-06_Q1,54.62,15.43,58.88,-4.26,0.636,0.322,0.136,0.216
2025-06-16,2025-06-30,2025-06_Q2,19.62,15.47,58.98,-39.36,-1.242,-0.923,-0.546,0.119
2025-07-01,2025-07-15,2025-07_Q1,50.4,15.21,58.37,-7.97,-0.047,0.844,-0.356,0.171
2025-07-16,2025-07-31,2025-07_Q2,43.06,15.76,59.68,-16.62,1.284,0.111,0.078,0.112
2025-08-01,2025-08-15,2025-08_Q1,39.49,15.13,58.19,-18.7,0.558,0.484,-0.139,0.227
2025-08-16,2025-08-31,2025-08_Q2,55.39,15.42,58.86,-3.47,1.297,0.146,-0.412,0.4
2025-09-01,2025-09-15,2025-09_Q1,96.49,15.48,59.0,37.49,1.251,1.058,0.862,0.598
2025-09-16,2025-09-30,2025-09_Q2,82.55,15.2,58.35,24.2,1.743,2.123,0.648,0.647
2025-10-01,2025-10-15,2025-10_Q1,66.99,14.74,57.32,9.67,-0.328,0.471,0.686,0.503
2025-10-16,2025-10-31,2025-10_Q2,144.79,15.27,58.51,86.28,0.701,1.275,1.137,0.717
2025-11-01,2025-11-15,2025-11_Q1,34.55,15.54,59.14,-24.59,-0.238,0.322,0.361,0.211
2025-11-16,2025-11-30,2025-11_Q2,86.73,14.96,57.81,28.92,-1.416,0.64,0.557,0.324
2025-12-01,2025-12-15,2025-12_Q1,99.53,14.75,57.34,42.19,1.365,0.901,0.991,0.901
2025-12-16,2025-12-31,2025-12_Q2,12.94,15.02,57.94,-45.0,0.589,-0.089,0.947,0.447
2026-01-01,2026-01-15,2026-01_Q1,104.03,14.39,56.58,47.45,0.78,1.382,1.07,0.804
2026-01-16,2026-01-31,2026-01_Q2,31.2,15.16,58.26,-27.06,1.124,-0.019,1.013,0.955
2026-02-01,2026-02-15,2026-02_Q1,97.34,14.82,57.5,39.84,1.283,1.342,1.309,1.127
2026-02-16,2026-02-28,2026-02_Q2,64.81,14.82,57.5,7.31,1.689,1.262,1.355,1.073
2026-03-01,2026-03-15,2026-03_Q1,120.01,15.51,59.07,60.94,1.283,1.377,1.199,1.322
2026-03-16,2026-03-31,2026-03_Q2,147.98,15.09,58.1,89.88,2.278,1.909,1.376,1.476
2026-04-01,2026-04-15,2026-04_Q1,68.39,15.54,59.14,9.25,1.409,1.721,1.602,1.511
2026-04-16,2026-04-30,2026-04_Q2,74.65,14.98,57.85,16.8,-0.185,1.924,1.425,1.487
2026-05-01,2026-05-15,2026-05_Q1,55.68,16.28,61.0,-5.32,-1.045,1.103,1.333,1.27
2026-05-16,2026-05-31,2026-05_Q2,84.09,16.21,60.81,23.28,-0.904,1.283,1.321,1.302
2026-06-01,2026-06-15,2026-06_Q1,66.26,15.77,59.7,6.56,1.055,0.852,1.434,1.126
2026-06-16,2026-06-30,2026-06_Q2,16.79,15.87,59.95,-43.16,-0.802,-1.187,1.44,1.119
2026-07-01,2026-07-15,2026-07_Q1,24.22,16.08,60.48,-36.26,-1.879,-0.61,1.657,1.088
2026-07-16,2026-07-31,2026-07_Q2,30.99,15.91,60.05,-29.06,-1.153,-1.498,1.639,1.066
2026-08-01,2026-08-15,2026-08_Q1,,16.17,60.71,,,,,
