crop,period_start,period_end,label,mean_C,std_C,var_C,temp_status,temp_detail,temp_score
wheat,2016-01-01,2016-01-15,2016-01_Q1,21.9,3.77,14.21,VIABLE,optimal temperature range,1.0
wheat,2016-01-16,2016-01-31,2016-01_Q2,22.21,4.31,18.6,VIABLE,optimal temperature range,1.0
wheat,2016-02-01,2016-02-15,2016-02_Q1,20.08,2.53,6.41,VIABLE,optimal temperature range,1.0
wheat,2016-02-16,2016-02-29,2016-02_Q2,20.17,3.04,9.23,VIABLE,optimal temperature range,1.0
wheat,2016-03-01,2016-03-15,2016-03_Q1,21.93,1.72,2.96,VIABLE,optimal temperature range,1.0
wheat,2016-03-16,2016-03-31,2016-03_Q2,17.41,2.74,7.49,VIABLE,optimal temperature range,1.0
wheat,2016-04-01,2016-04-15,2016-04_Q1,16.09,2.24,5.01,VIABLE,optimal temperature range,1.0
wheat,2016-04-16,2016-04-30,2016-04_Q2,16.86,2.6,6.76,VIABLE,optimal temperature range,1.0
wheat,2016-05-01,2016-05-15,2016-05_Q1,14.82,1.43,2.05,VIABLE,optimal temperature range,1.0
wheat,2016-05-16,2016-05-31,2016-05_Q2,13.19,1.88,3.53,VIABLE,optimal temperature range,1.0
wheat,2016-06-01,2016-06-15,2016-06_Q1,10.99,1.24,1.53,VIABLE,optimal temperature range,1.0
wheat,2016-06-16,2016-06-30,2016-06_Q2,9.65,1.37,1.88,VIABLE_WITH_RESERVE,cool for crop,0.93
wheat,2016-07-01,2016-07-15,2016-07_Q1,8.4,1.65,2.73,VIABLE_WITH_RESERVE,cool for crop,0.68
wheat,2016-07-16,2016-07-31,2016-07_Q2,10.5,2.19,4.8,VIABLE,optimal temperature range,1.0
wheat,2016-08-01,2016-08-15,2016-08_Q1,10.0,2.16,4.65,VIABLE,optimal temperature range,1.0
wheat,2016-08-16,2016-08-31,2016-08_Q2,11.18,2.55,6.49,VIABLE,optimal temperature range,1.0
wheat,2016-09-01,2016-09-15,2016-09_Q1,11.41,2.94,8.62,VIABLE,optimal temperature range,1.0
wheat,2016-09-16,2016-09-30,2016-09_Q2,10.37,2.07,4.28,VIABLE,optimal temperature range,1.0
wheat,2016-10-01,2016-10-15,2016-10_Q1,15.01,4.41,19.42,VIABLE,optimal temperature range,1.0
wheat,2016-10-16,2016-10-31,2016-10_Q2,13.34,3.91,15.32,VIABLE,optimal temperature range,1.0
wheat,2016-11-01,2016-11-15,2016-11_Q1,15.16,2.91,8.45,VIABLE,optimal temperature range,1.0
wheat,2016-11-16,2016-11-30,2016-11_Q2,17.72,3.78,14.31,VIABLE,optimal temperature range,1.0
wheat,2016-12-01,2016-12-15,2016-12_Q1,19.3,4.14,17.1,VIABLE,optimal temperature range,1.0
wheat,2016-12-16,2016-12-31,2016-12_Q2,21.28,3.99,15.91,VIABLE,optimal temperature range,1.0
wheat,2017-01-01,2017-01-15,2017-01_Q1,21.25,4.0,15.98,VIABLE,optimal temperature range,1.0
wheat,2017-01-16,2017-01-31,2017-01_Q2,22.34,3.81,14.52,VIABLE,optimal temperature range,1.0
wheat,2017-02-01,2017-02-15,2017-02_Q1,22.08,3.81,14.51,VIABLE,optimal temperature range,1.0
wheat,2017-02-16,2017-02-28,2017-02_Q2,19.08,3.57,12.71,VIABLE,optimal temperature range,1.0
wheat,2017-03-01,2017-03-15,2017-03_Q1,21.53,2.3,5.31,VIABLE,optimal temperature range,1.0
wheat,2017-03-16,2017-03-31,2017-03_Q2,20.09,4.13,17.06,VIABLE,optimal temperature range,1.0
wheat,2017-04-01,2017-04-15,2017-04_Q1,16.54,2.34,5.47,VIABLE,optimal temperature range,1.0
wheat,2017-04-16,2017-04-30,2017-04_Q2,16.2,3.2,10.22,VIABLE,optimal temperature range,1.0
wheat,2017-05-01,2017-05-15,2017-05_Q1,12.74,1.7,2.9,VIABLE,optimal temperature range,1.0
wheat,2017-05-16,2017-05-31,2017-05_Q2,13.07,2.26,5.11,VIABLE,optimal temperature range,1.0
wheat,2017-06-01,2017-06-15,2017-06_Q1,10.32,1.27,1.61,VIABLE,optimal temperature range,1.0
wheat,2017-06-16,2017-06-30,2017-06_Q2,10.2,1.1,1.22,VIABLE,optimal temperature range,1.0
wheat,2017-07-01,2017-07-15,2017-07_Q1,10.11,1.25,1.55,VIABLE,optimal temperature range,1.0
wheat,2017-07-16,2017-07-31,2017-07_Q2,10.97,2.19,4.78,VIABLE,optimal temperature range,1.0
wheat,2017-08-01,2017-08-15,2017-08_Q1,11.02,2.76,7.64,VIABLE,optimal temperature range,1.0
wheat,2017-08-16,2017-08-31,2017-08_Q2,9.66,1.61,2.58,VIABLE_WITH_RESERVE,cool for crop,0.932
wheat,2017-09-01,2017-09-15,2017-09_Q1,11.73,2.91,8.44,VIABLE,optimal temperature range,1.0
wheat,2017-09-16,2017-09-30,2017-09_Q2,14.37,3.21,10.3,VIABLE,optimal temperature range,1.0
wheat,2017-10-01,2017-10-15,2017-10_Q1,15.37,3.0,8.98,VIABLE,optimal temperature range,1.0
wheat,2017-10-16,2017-10-31,2017-10_Q2,17.0,4.2,17.62,VIABLE,optimal temperature range,1.0
wheat,2017-11-01,2017-11-15,2017-11_Q1,18.2,4.89,23.91,VIABLE,optimal temperature range,1.0
wheat,2017-11-16,2017-11-30,2017-11_Q2,20.23,4.34,18.83,VIABLE,optimal temperature range,1.0
wheat,2017-12-01,2017-12-15,2017-12_Q1,17.22,4.36,19.03,VIABLE,optimal temperature range,1.0
wheat,2017-12-16,2017-12-31,2017-12_Q2,21.36,3.72,13.87,VIABLE,optimal temperature range,1.0
wheat,2018-01-01,2018-01-15,2018-01_Q1,20.61,3.89,15.14,VIABLE,optimal temperature range,1.0
wheat,2018-01-16,2018-01-31,2018-01_Q2,24.28,5.16,26.67,VIABLE_WITH_RESERVE,warm for crop,0.9533
wheat,2018-02-01,2018-02-15,2018-02_Q1,22.94,4.31,18.61,VIABLE,optimal temperature range,1.0
wheat,2018-02-16,2018-02-28,2018-02_Q2,20.94,2.76,7.6,VIABLE,optimal temperature range,1.0
wheat,2018-03-01,2018-03-15,2018-03_Q1,20.09,3.19,10.2,VIABLE,optimal temperature range,1.0
wheat,2018-03-16,2018-03-31,2018-03_Q2,18.8,2.96,8.76,VIABLE,optimal temperature range,1.0
wheat,2018-04-01,2018-04-15,2018-04_Q1,19.65,4.33,18.77,VIABLE,optimal temperature range,1.0
wheat,2018-04-16,2018-04-30,2018-04_Q2,18.67,3.13,9.83,VIABLE,optimal temperature range,1.0
wheat,2018-05-01,2018-05-15,2018-05_Q1,13.7,2.2,4.85,VIABLE,optimal temperature range,1.0
wheat,2018-05-16,2018-05-31,2018-05_Q2,12.55,1.99,3.96,VIABLE,optimal temperature range,1.0
wheat,2018-06-01,2018-06-15,2018-06_Q1,11.72,1.08,1.17,VIABLE,optimal temperature range,1.0
wheat,2018-06-16,2018-06-30,2018-06_Q2,8.86,0.87,0.76,VIABLE_WITH_RESERVE,cool for crop,0.772
wheat,2018-07-01,2018-07-15,2018-07_Q1,10.02,2.21,4.89,VIABLE,optimal temperature range,1.0
wheat,2018-07-16,2018-07-31,2018-07_Q2,11.16,1.92,3.7,VIABLE,optimal temperature range,1.0
wheat,2018-08-01,2018-08-15,2018-08_Q1,10.52,2.12,4.51,VIABLE,optimal temperature range,1.0
wheat,2018-08-16,2018-08-31,2018-08_Q2,11.05,2.92,8.51,VIABLE,optimal temperature range,1.0
wheat,2018-09-01,2018-09-15,2018-09_Q1,11.44,2.88,8.31,VIABLE,optimal temperature range,1.0
wheat,2018-09-16,2018-09-30,2018-09_Q2,12.59,2.22,4.94,VIABLE,optimal temperature range,1.0
wheat,2018-10-01,2018-10-15,2018-10_Q1,16.25,4.01,16.07,VIABLE,optimal temperature range,1.0
wheat,2018-10-16,2018-10-31,2018-10_Q2,16.77,3.8,14.4,VIABLE,optimal temperature range,1.0
wheat,2018-11-01,2018-11-15,2018-11_Q1,17.93,3.99,15.92,VIABLE,optimal temperature range,1.0
wheat,2018-11-16,2018-11-30,2018-11_Q2,15.88,3.87,14.95,VIABLE,optimal temperature range,1.0
wheat,2018-12-01,2018-12-15,2018-12_Q1,20.0,4.7,22.12,VIABLE,optimal temperature range,1.0
wheat,2018-12-16,2018-12-31,2018-12_Q2,21.79,4.16,17.33,VIABLE,optimal temperature range,1.0
wheat,2019-01-01,2019-01-15,2019-01_Q1,22.5,4.87,23.68,VIABLE,optimal temperature range,1.0
wheat,2019-01-16,2019-01-31,2019-01_Q2,24.45,4.8,23.07,VIABLE_WITH_RESERVE,warm for crop,0.925
wheat,2019-02-01,2019-02-15,2019-02_Q1,19.93,3.59,12.89,VIABLE,optimal temperature range,1.0
wheat,2019-02-16,2019-02-28,2019-02_Q2,22.96,3.76,14.14,VIABLE,optimal temperature range,1.0
wheat,2019-03-01,2019-03-15,2019-03_Q1,20.73,4.33,18.75,VIABLE,optimal temperature range,1.0
wheat,2019-03-16,2019-03-31,2019-03_Q2,18.32,2.94,8.65,VIABLE,optimal temperature range,1.0
wheat,2019-04-01,2019-04-15,2019-04_Q1,18.41,3.37,11.33,VIABLE,optimal temperature range,1.0
wheat,2019-04-16,2019-04-30,2019-04_Q2,16.76,4.46,19.93,VIABLE,optimal temperature range,1.0
wheat,2019-05-01,2019-05-15,2019-05_Q1,12.01,1.38,1.9,VIABLE,optimal temperature range,1.0
wheat,2019-05-16,2019-05-31,2019-05_Q2,13.3,2.74,7.53,VIABLE,optimal temperature range,1.0
wheat,2019-06-01,2019-06-15,2019-06_Q1,11.02,1.99,3.95,VIABLE,optimal temperature range,1.0
wheat,2019-06-16,2019-06-30,2019-06_Q2,9.38,2.44,5.98,VIABLE_WITH_RESERVE,cool for crop,0.876
wheat,2019-07-01,2019-07-15,2019-07_Q1,10.54,1.6,2.57,VIABLE,optimal temperature range,1.0
wheat,2019-07-16,2019-07-31,2019-07_Q2,10.78,1.49,2.23,VIABLE,optimal temperature range,1.0
wheat,2019-08-01,2019-08-15,2019-08_Q1,9.89,2.16,4.65,VIABLE_WITH_RESERVE,cool for crop,0.978
wheat,2019-08-16,2019-08-31,2019-08_Q2,9.89,2.24,5.01,VIABLE_WITH_RESERVE,cool for crop,0.978
wheat,2019-09-01,2019-09-15,2019-09_Q1,13.76,3.6,12.98,VIABLE,optimal temperature range,1.0
wheat,2019-09-16,2019-09-30,2019-09_Q2,12.47,3.61,13.03,VIABLE,optimal temperature range,1.0
wheat,2019-10-01,2019-10-15,2019-10_Q1,16.46,4.12,16.96,VIABLE,optimal temperature range,1.0
wheat,2019-10-16,2019-10-31,2019-10_Q2,18.29,5.62,31.6,VIABLE,optimal temperature range,1.0
wheat,2019-11-01,2019-11-15,2019-11_Q1,15.52,2.45,6.0,VIABLE,optimal temperature range,1.0
wheat,2019-11-16,2019-11-30,2019-11_Q2,18.52,5.08,25.78,VIABLE,optimal temperature range,1.0
wheat,2019-12-01,2019-12-15,2019-12_Q1,18.27,3.81,14.49,VIABLE,optimal temperature range,1.0
wheat,2019-12-16,2019-12-31,2019-12_Q2,26.37,5.32,28.29,VIABLE_WITH_RESERVE,warm for crop,0.605
wheat,2020-01-01,2020-01-15,2020-01_Q1,21.48,4.58,20.99,VIABLE,optimal temperature range,1.0
wheat,2020-01-16,2020-01-31,2020-01_Q2,20.72,5.01,25.13,VIABLE,optimal temperature range,1.0
wheat,2020-02-01,2020-02-15,2020-02_Q1,20.15,2.55,6.52,VIABLE,optimal temperature range,1.0
wheat,2020-02-16,2020-02-29,2020-02_Q2,19.11,2.82,7.95,VIABLE,optimal temperature range,1.0
wheat,2020-03-01,2020-03-15,2020-03_Q1,18.43,3.05,9.3,VIABLE,optimal temperature range,1.0
wheat,2020-03-16,2020-03-31,2020-03_Q2,19.5,4.24,17.94,VIABLE,optimal temperature range,1.0
wheat,2020-04-01,2020-04-15,2020-04_Q1,16.23,2.71,7.36,VIABLE,optimal temperature range,1.0
wheat,2020-04-16,2020-04-30,2020-04_Q2,15.24,2.7,7.3,VIABLE,optimal temperature range,1.0
wheat,2020-05-01,2020-05-15,2020-05_Q1,12.31,2.01,4.04,VIABLE,optimal temperature range,1.0
wheat,2020-05-16,2020-05-31,2020-05_Q2,11.51,1.36,1.86,VIABLE,optimal temperature range,1.0
wheat,2020-06-01,2020-06-15,2020-06_Q1,10.01,2.08,4.35,VIABLE,optimal temperature range,1.0
wheat,2020-06-16,2020-06-30,2020-06_Q2,10.5,1.28,1.63,VIABLE,optimal temperature range,1.0
wheat,2020-07-01,2020-07-15,2020-07_Q1,9.33,1.12,1.26,VIABLE_WITH_RESERVE,cool for crop,0.866
wheat,2020-07-16,2020-07-31,2020-07_Q2,9.91,1.56,2.42,VIABLE_WITH_RESERVE,cool for crop,0.982
wheat,2020-08-01,2020-08-15,2020-08_Q1,9.75,1.8,3.26,VIABLE_WITH_RESERVE,cool for crop,0.95
wheat,2020-08-16,2020-08-31,2020-08_Q2,10.5,2.5,6.23,VIABLE,optimal temperature range,1.0
wheat,2020-09-01,2020-09-15,2020-09_Q1,15.1,3.52,12.39,VIABLE,optimal temperature range,1.0
wheat,2020-09-16,2020-09-30,2020-09_Q2,13.38,3.73,13.89,VIABLE,optimal temperature range,1.0
wheat,2020-10-01,2020-10-15,2020-10_Q1,16.56,5.47,29.93,VIABLE,optimal temperature range,1.0
wheat,2020-10-16,2020-10-31,2020-10_Q2,13.83,2.34,5.49,VIABLE,optimal temperature range,1.0
wheat,2020-11-01,2020-11-15,2020-11_Q1,19.06,5.08,25.84,VIABLE,optimal temperature range,1.0
wheat,2020-11-16,2020-11-30,2020-11_Q2,21.97,4.42,19.52,VIABLE,optimal temperature range,1.0
wheat,2020-12-01,2020-12-15,2020-12_Q1,19.37,4.25,18.1,VIABLE,optimal temperature range,1.0
wheat,2020-12-16,2020-12-31,2020-12_Q2,17.84,3.26,10.61,VIABLE,optimal temperature range,1.0
wheat,2021-01-01,2021-01-15,2021-01_Q1,19.64,3.99,15.93,VIABLE,optimal temperature range,1.0
wheat,2021-01-16,2021-01-31,2021-01_Q2,21.34,4.72,22.28,VIABLE,optimal temperature range,1.0
wheat,2021-02-01,2021-02-15,2021-02_Q1,19.36,3.63,13.21,VIABLE,optimal temperature range,1.0
wheat,2021-02-16,2021-02-28,2021-02_Q2,20.73,5.04,25.43,VIABLE,optimal temperature range,1.0
wheat,2021-03-01,2021-03-15,2021-03_Q1,18.38,2.67,7.12,VIABLE,optimal temperature range,1.0
wheat,2021-03-16,2021-03-31,2021-03_Q2,18.99,2.45,6.0,VIABLE,optimal temperature range,1.0
wheat,2021-04-01,2021-04-15,2021-04_Q1,18.86,3.62,13.1,VIABLE,optimal temperature range,1.0
wheat,2021-04-16,2021-04-30,2021-04_Q2,14.84,1.81,3.28,VIABLE,optimal temperature range,1.0
wheat,2021-05-01,2021-05-15,2021-05_Q1,13.72,2.15,4.62,VIABLE,optimal temperature range,1.0
wheat,2021-05-16,2021-05-31,2021-05_Q2,13.52,2.57,6.59,VIABLE,optimal temperature range,1.0
wheat,2021-06-01,2021-06-15,2021-06_Q1,11.53,1.72,2.95,VIABLE,optimal temperature range,1.0
wheat,2021-06-16,2021-06-30,2021-06_Q2,9.68,0.9,0.8,VIABLE_WITH_RESERVE,cool for crop,0.936
wheat,2021-07-01,2021-07-15,2021-07_Q1,9.98,1.5,2.25,VIABLE_WITH_RESERVE,cool for crop,0.996
wheat,2021-07-16,2021-07-31,2021-07_Q2,9.91,1.86,3.47,VIABLE_WITH_RESERVE,cool for crop,0.982
wheat,2021-08-01,2021-08-15,2021-08_Q1,10.45,1.82,3.31,VIABLE,optimal temperature range,1.0
wheat,2021-08-16,2021-08-31,2021-08_Q2,10.74,2.36,5.56,VIABLE,optimal temperature range,1.0
wheat,2021-09-01,2021-09-15,2021-09_Q1,13.34,3.94,15.55,VIABLE,optimal temperature range,1.0
wheat,2021-09-16,2021-09-30,2021-09_Q2,13.74,3.02,9.14,VIABLE,optimal temperature range,1.0
wheat,2021-10-01,2021-10-15,2021-10_Q1,12.97,2.19,4.8,VIABLE,optimal temperature range,1.0
wheat,2021-10-16,2021-10-31,2021-10_Q2,16.15,3.53,12.43,VIABLE,optimal temperature range,1.0
wheat,2021-11-01,2021-11-15,2021-11_Q1,14.62,4.3,18.48,VIABLE,optimal temperature range,1.0
wheat,2021-11-16,2021-11-30,2021-11_Q2,17.28,3.35,11.24,VIABLE,optimal temperature range,1.0
wheat,2021-12-01,2021-12-15,2021-12_Q1,17.21,2.97,8.81,VIABLE,optimal temperature range,1.0
wheat,2021-12-16,2021-12-31,2021-12_Q2,20.63,3.94,15.56,VIABLE,optimal temperature range,1.0
wheat,2022-01-01,2022-01-15,2022-01_Q1,20.4,3.46,11.99,VIABLE,optimal temperature range,1.0
wheat,2022-01-16,2022-01-31,2022-01_Q2,21.84,2.28,5.2,VIABLE,optimal temperature range,1.0
wheat,2022-02-01,2022-02-15,2022-02_Q1,19.88,2.83,8.01,VIABLE,optimal temperature range,1.0
wheat,2022-02-16,2022-02-28,2022-02_Q2,18.27,1.66,2.74,VIABLE,optimal temperature range,1.0
wheat,2022-03-01,2022-03-15,2022-03_Q1,20.16,3.49,12.17,VIABLE,optimal temperature range,1.0
wheat,2022-03-16,2022-03-31,2022-03_Q2,18.87,2.52,6.37,VIABLE,optimal temperature range,1.0
wheat,2022-04-01,2022-04-15,2022-04_Q1,18.04,2.12,4.51,VIABLE,optimal temperature range,1.0
wheat,2022-04-16,2022-04-30,2022-04_Q2,16.19,2.62,6.86,VIABLE,optimal temperature range,1.0
wheat,2022-05-01,2022-05-15,2022-05_Q1,13.09,2.39,5.71,VIABLE,optimal temperature range,1.0
wheat,2022-05-16,2022-05-31,2022-05_Q2,12.02,1.72,2.97,VIABLE,optimal temperature range,1.0
wheat,2022-06-01,2022-06-15,2022-06_Q1,9.9,1.38,1.9,VIABLE_WITH_RESERVE,cool for crop,0.98
wheat,2022-06-16,2022-06-30,2022-06_Q2,10.91,1.25,1.57,VIABLE,optimal temperature range,1.0
wheat,2022-07-01,2022-07-15,2022-07_Q1,8.85,0.89,0.79,VIABLE_WITH_RESERVE,cool for crop,0.77
wheat,2022-07-16,2022-07-31,2022-07_Q2,9.99,1.62,2.64,VIABLE_WITH_RESERVE,cool for crop,0.998
wheat,2022-08-01,2022-08-15,2022-08_Q1,9.96,1.57,2.47,VIABLE_WITH_RESERVE,cool for crop,0.992
wheat,2022-08-16,2022-08-31,2022-08_Q2,10.32,2.04,4.15,VIABLE,optimal temperature range,1.0
wheat,2022-09-01,2022-09-15,2022-09_Q1,11.16,2.0,4.0,VIABLE,optimal temperature range,1.0
wheat,2022-09-16,2022-09-30,2022-09_Q2,11.67,1.5,2.25,VIABLE,optimal temperature range,1.0
wheat,2022-10-01,2022-10-15,2022-10_Q1,13.82,2.4,5.75,VIABLE,optimal temperature range,1.0
wheat,2022-10-16,2022-10-31,2022-10_Q2,14.22,1.9,3.62,VIABLE,optimal temperature range,1.0
wheat,2022-11-01,2022-11-15,2022-11_Q1,16.32,4.6,21.14,VIABLE,optimal temperature range,1.0
wheat,2022-11-16,2022-11-30,2022-11_Q2,15.63,3.67,13.46,VIABLE,optimal temperature range,1.0
wheat,2022-12-01,2022-12-15,2022-12_Q1,17.94,3.96,15.67,VIABLE,optimal temperature range,1.0
wheat,2022-12-16,2022-12-31,2022-12_Q2,20.23,3.86,14.89,VIABLE,optimal temperature range,1.0
wheat,2023-01-01,2023-01-15,2023-01_Q1,21.63,3.63,13.21,VIABLE,optimal temperature range,1.0
wheat,2023-01-16,2023-01-31,2023-01_Q2,20.03,3.83,14.64,VIABLE,optimal temperature range,1.0
wheat,2023-02-01,2023-02-15,2023-02_Q1,20.05,4.4,19.39,VIABLE,optimal temperature range,1.0
wheat,2023-02-16,2023-02-28,2023-02_Q2,23.41,5.32,28.35,VIABLE,optimal temperature range,1.0
wheat,2023-03-01,2023-03-15,2023-03_Q1,18.32,2.05,4.22,VIABLE,optimal temperature range,1.0
wheat,2023-03-16,2023-03-31,2023-03_Q2,18.65,2.95,8.72,VIABLE,optimal temperature range,1.0
wheat,2023-04-01,2023-04-15,2023-04_Q1,16.14,2.49,6.21,VIABLE,optimal temperature range,1.0
wheat,2023-04-16,2023-04-30,2023-04_Q2,15.49,2.72,7.41,VIABLE,optimal temperature range,1.0
wheat,2023-05-01,2023-05-15,2023-05_Q1,12.51,1.47,2.16,VIABLE,optimal temperature range,1.0
wheat,2023-05-16,2023-05-31,2023-05_Q2,12.22,1.74,3.02,VIABLE,optimal temperature range,1.0
wheat,2023-06-01,2023-06-15,2023-06_Q1,13.21,2.38,5.66,VIABLE,optimal temperature range,1.0
wheat,2023-06-16,2023-06-30,2023-06_Q2,9.58,1.21,1.46,VIABLE_WITH_RESERVE,cool for crop,0.916
wheat,2023-07-01,2023-07-15,2023-07_Q1,9.91,1.09,1.19,VIABLE_WITH_RESERVE,cool for crop,0.982
wheat,2023-07-16,2023-07-31,2023-07_Q2,10.26,1.76,3.11,VIABLE,optimal temperature range,1.0
wheat,2023-08-01,2023-08-15,2023-08_Q1,11.15,2.43,5.9,VIABLE,optimal temperature range,1.0
wheat,2023-08-16,2023-08-31,2023-08_Q2,12.16,2.27,5.17,VIABLE,optimal temperature range,1.0
wheat,2023-09-01,2023-09-15,2023-09_Q1,14.03,3.73,13.92,VIABLE,optimal temperature range,1.0
wheat,2023-09-16,2023-09-30,2023-09_Q2,16.96,3.29,10.79,VIABLE,optimal temperature range,1.0
wheat,2023-10-01,2023-10-15,2023-10_Q1,15.07,3.09,9.53,VIABLE,optimal temperature range,1.0
wheat,2023-10-16,2023-10-31,2023-10_Q2,15.34,3.66,13.36,VIABLE,optimal temperature range,1.0
wheat,2023-11-01,2023-11-15,2023-11_Q1,17.28,3.15,9.93,VIABLE,optimal temperature range,1.0
wheat,2023-11-16,2023-11-30,2023-11_Q2,16.43,0.88,0.78,VIABLE,optimal temperature range,1.0
wheat,2023-12-01,2023-12-15,2023-12_Q1,18.87,3.65,13.35,VIABLE,optimal temperature range,1.0
wheat,2023-12-16,2023-12-31,2023-12_Q2,17.43,2.6,6.76,VIABLE,optimal temperature range,1.0
wheat,2024-01-01,2024-01-15,2024-01_Q1,20.94,2.38,5.68,VIABLE,optimal temperature range,1.0
wheat,2024-01-16,2024-01-31,2024-01_Q2,20.35,3.57,12.74,VIABLE,optimal temperature range,1.0
wheat,2024-02-01,2024-02-15,2024-02_Q1,20.53,3.07,9.4,VIABLE,optimal temperature range,1.0
wheat,2024-02-16,2024-02-29,2024-02_Q2,22.79,3.19,10.19,VIABLE,optimal temperature range,1.0
wheat,2024-03-01,2024-03-15,2024-03_Q1,23.8,4.2,17.6,VIABLE,optimal temperature range,1.0
wheat,2024-03-16,2024-03-31,2024-03_Q2,18.24,2.78,7.75,VIABLE,optimal temperature range,1.0
wheat,2024-04-01,2024-04-15,2024-04_Q1,14.3,0.82,0.67,VIABLE,optimal temperature range,1.0
wheat,2024-04-16,2024-04-30,2024-04_Q2,14.07,1.61,2.61,VIABLE,optimal temperature range,1.0
wheat,2024-05-01,2024-05-15,2024-05_Q1,13.65,1.01,1.03,VIABLE,optimal temperature range,1.0
wheat,2024-05-16,2024-05-31,2024-05_Q2,12.67,2.11,4.46,VIABLE,optimal temperature range,1.0
wheat,2024-06-01,2024-06-15,2024-06_Q1,11.36,2.16,4.68,VIABLE,optimal temperature range,1.0
wheat,2024-06-16,2024-06-30,2024-06_Q2,9.61,1.21,1.47,VIABLE_WITH_RESERVE,cool for crop,0.922
wheat,2024-07-01,2024-07-15,2024-07_Q1,9.49,1.67,2.8,VIABLE_WITH_RESERVE,cool for crop,0.898
wheat,2024-07-16,2024-07-31,2024-07_Q2,9.78,1.67,2.8,VIABLE_WITH_RESERVE,cool for crop,0.956
wheat,2024-08-01,2024-08-15,2024-08_Q1,11.69,2.7,7.28,VIABLE,optimal temperature range,1.0
wheat,2024-08-16,2024-08-31,2024-08_Q2,13.76,2.51,6.3,VIABLE,optimal temperature range,1.0
wheat,2024-09-01,2024-09-15,2024-09_Q1,13.14,3.28,10.79,VIABLE,optimal temperature range,1.0
wheat,2024-09-16,2024-09-30,2024-09_Q2,12.75,1.83,3.36,VIABLE,optimal temperature range,1.0
wheat,2024-10-01,2024-10-15,2024-10_Q1,16.92,3.6,12.94,VIABLE,optimal temperature range,1.0
wheat,2024-10-16,2024-10-31,2024-10_Q2,17.47,2.93,8.57,VIABLE,optimal temperature range,1.0
wheat,2024-11-01,2024-11-15,2024-11_Q1,18.42,3.31,10.97,VIABLE,optimal temperature range,1.0
wheat,2024-11-16,2024-11-30,2024-11_Q2,19.18,4.14,17.11,VIABLE,optimal temperature range,1.0
wheat,2024-12-01,2024-12-15,2024-12_Q1,21.3,3.99,15.89,VIABLE,optimal temperature range,1.0
wheat,2024-12-16,2024-12-31,2024-12_Q2,20.17,3.47,12.05,VIABLE,optimal temperature range,1.0
wheat,2025-01-01,2025-01-15,2025-01_Q1,22.15,3.28,10.76,VIABLE,optimal temperature range,1.0
wheat,2025-01-16,2025-01-31,2025-01_Q2,22.1,3.63,13.16,VIABLE,optimal temperature range,1.0
wheat,2025-02-01,2025-02-15,2025-02_Q1,23.55,4.81,23.09,VIABLE,optimal temperature range,1.0
wheat,2025-02-16,2025-02-28,2025-02_Q2,21.52,2.96,8.73,VIABLE,optimal temperature range,1.0
wheat,2025-03-01,2025-03-15,2025-03_Q1,23.51,3.58,12.83,VIABLE,optimal temperature range,1.0
wheat,2025-03-16,2025-03-31,2025-03_Q2,19.49,2.26,5.09,VIABLE,optimal temperature range,1.0
wheat,2025-04-01,2025-04-15,2025-04_Q1,19.33,3.69,13.65,VIABLE,optimal temperature range,1.0
wheat,2025-04-16,2025-04-30,2025-04_Q2,16.76,3.35,11.23,VIABLE,optimal temperature range,1.0
wheat,2025-05-01,2025-05-15,2025-05_Q1,15.32,2.2,4.83,VIABLE,optimal temperature range,1.0
wheat,2025-05-16,2025-05-31,2025-05_Q2,11.61,1.24,1.53,VIABLE,optimal temperature range,1.0
wheat,2025-06-01,2025-06-15,2025-06_Q1,10.32,1.8,3.25,VIABLE,optimal temperature range,1.0
wheat,2025-06-16,2025-06-30,2025-06_Q2,10.85,1.41,1.98,VIABLE,optimal temperature range,1.0
wheat,2025-07-01,2025-07-15,2025-07_Q1,10.44,1.8,3.23,VIABLE,optimal temperature range,1.0
wheat,2025-07-16,2025-07-31,2025-07_Q2,8.91,1.38,1.9,VIABLE_WITH_RESERVE,cool for crop,0.782
wheat,2025-08-01,2025-08-15,2025-08_Q1,10.16,1.77,3.14,VIABLE,optimal temperature range,1.0
wheat,2025-08-16,2025-08-31,2025-08_Q2,11.04,2.73,7.48,VIABLE,optimal temperature range,1.0
wheat,2025-09-01,2025-09-15,2025-09_Q1,13.27,3.49,12.18,VIABLE,optimal temperature range,1.0
wheat,2025-09-16,2025-09-30,2025-09_Q2,13.22,2.05,4.19,VIABLE,optimal temperature range,1.0
wheat,2025-10-01,2025-10-15,2025-10_Q1,15.42,3.75,14.06,VIABLE,optimal temperature range,1.0
wheat,2025-10-16,2025-10-31,2025-10_Q2,17.23,3.24,10.48,VIABLE,optimal temperature range,1.0
wheat,2025-11-01,2025-11-15,2025-11_Q1,14.76,3.56,12.68,VIABLE,optimal temperature range,1.0
wheat,2025-11-16,2025-11-30,2025-11_Q2,16.8,2.54,6.43,VIABLE,optimal temperature range,1.0
wheat,2025-12-01,2025-12-15,2025-12_Q1,19.62,3.59,12.88,VIABLE,optimal temperature range,1.0
wheat,2025-12-16,2025-12-31,2025-12_Q2,20.74,4.56,20.82,VIABLE,optimal temperature range,1.0
wheat,2026-01-01,2026-01-15,2026-01_Q1,21.56,4.56,20.78,VIABLE,optimal temperature range,1.0
wheat,2026-01-16,2026-01-31,2026-01_Q2,23.93,4.91,24.06,VIABLE,optimal temperature range,1.0
wheat,2026-02-01,2026-02-15,2026-02_Q1,21.85,3.31,10.98,VIABLE,optimal temperature range,1.0
wheat,2026-02-16,2026-02-28,2026-02_Q2,21.41,3.09,9.54,VIABLE,optimal temperature range,1.0
wheat,2026-03-01,2026-03-15,2026-03_Q1,17.9,2.02,4.07,VIABLE,optimal temperature range,1.0
wheat,2026-03-16,2026-03-31,2026-03_Q2,18.77,2.57,6.63,VIABLE,optimal temperature range,1.0
wheat,2026-04-01,2026-04-15,2026-04_Q1,16.19,2.35,5.53,VIABLE,optimal temperature range,1.0
wheat,2026-04-16,2026-04-30,2026-04_Q2,18.4,2.1,4.4,VIABLE,optimal temperature range,1.0
wheat,2026-05-01,2026-05-15,2026-05_Q1,14.53,2.61,6.81,VIABLE,optimal temperature range,1.0
wheat,2026-05-16,2026-05-31,2026-05_Q2,12.57,0.98,0.97,VIABLE,optimal temperature range,1.0
wheat,2026-06-01,2026-06-15,2026-06_Q1,12.47,2.39,5.73,VIABLE,optimal temperature range,1.0
wheat,2026-06-16,2026-06-30,2026-06_Q2,10.29,1.74,3.03,VIABLE,optimal temperature range,1.0
wheat,2026-07-01,2026-07-15,2026-07_Q1,9.81,1.04,1.08,VIABLE_WITH_RESERVE,cool for crop,0.962
wheat,2026-07-16,2026-07-31,2026-07_Q2,9.33,1.36,1.85,VIABLE_WITH_RESERVE,cool for crop,0.866
wheat,2026-08-01,2026-08-15,2026-08_Q1,10.28,0.98,0.96,VIABLE,optimal temperature range,1.0
wheat,2026-08-16,2026-08-31,2026-08_Q2,11.74,1.34,1.8,VIABLE,optimal temperature range,1.0
